,comp_cik,year,vwretd,yret,basis_points_delta,finbert_positive,finbert_negative,finbert_neutral
0,1567101,2016,0.002929358,0.010643288121076955,0.007713930121076955,0.06187935173511505,0.12440332770347595,0.8137173056602478
1,1567101,2016,0.002929358,0.010643288121076955,0.007713930121076955,0.02508850209414959,0.1078922525048256,0.8670191764831543
2,1567138,2016,0.002929358,0.005900060842850774,0.002970702842850774,0.11054322868585588,0.07680898904800415,0.812647819519043
3,1567138,2016,0.002929358,0.005900060842850774,0.002970702842850774,0.13501974940299988,0.12633280456066132,0.7386474609375
4,1570384,2016,0.01877218,0.03098230169050531,0.01221012169050531,0.06682693958282471,0.10372591018676758,0.8294470906257629
5,1571768,2016,0.002929358,0.011719851246826618,0.008790493246826618,0.2080852687358856,0.13870413601398468,0.6532106399536133
6,1571768,2016,0.002929358,0.011719851246826618,0.008790493246826618,0.1634468287229538,0.1814330369234085,0.6551201343536377
7,1572617,2016,0.01877218,0.008633326551373388,-0.010138853448626611,0.041658937931060784,0.14524081349372864,0.8131002187728882
8,1572661,2016,0.01877218,0.0034504460846531693,-0.01532173391534683,0.07838243991136551,0.05091812089085579,0.8706994652748108
9,1573035,2016,0.002929358,0.015256600122381059,0.012327242122381059,0.03693090379238129,0.0987735167145729,0.8642956018447876
10,1573035,2016,0.002929358,0.015256600122381059,0.012327242122381059,0.02467026002705097,0.050073187798261636,0.9252565503120422
11,1573386,2016,0.01877218,0.01565883939000301,-0.0031133406099969896,0.03895930573344231,0.08409243822097777,0.8769482374191284
12,1573496,2016,0.002929358,0.0007066830780599886,-0.0022226749219400113,0.019949255511164662,0.057607751339674,0.9224429726600648
13,1577111,2016,0.002929358,0.017896770393460715,0.014967412393460715,0.07470967620611191,0.0931921899318695,0.832098126411438
14,1577111,2016,0.002929358,0.017896770393460715,0.014967412393460715,0.03648600727319717,0.11297345906496048,0.8505405187606812
15,1577579,2016,0.01877218,0.0114624833693302,-0.007309696630669799,0.024798555299639702,0.07193367183208466,0.9032676815986632
16,1579982,2016,0.01877218,-0.007611645509737919,-0.026383825509737918,0.08701049536466599,0.08605771511793138,0.8269317746162415
17,1580353,2016,0.002929358,-0.004733480889502761,-0.007662838889502761,0.07013159245252609,0.2936375141143799,0.6362308859825134
18,1580641,2016,0.01877218,0.01104961920484615,-0.007722560795153849,0.08944132924079895,0.23605254292488095,0.6745061874389648
19,1580956,2016,0.01877218,0.034753531894128775,0.015981351894128776,0.02352836169302464,0.12179958075284958,0.8546721339225769
20,1581466,2016,0.002929358,0.0058744673774075995,0.0029451093774075995,0.0430816188454628,0.15117475390434265,0.8057435750961304
21,1581466,2016,0.002929358,0.0058744673774075995,0.0029451093774075995,0.02153253369033337,0.04549263417720795,0.9329747557640076
22,1582739,2016,0.002929358,0.05243887560216853,0.04950951760216853,0.07691555470228195,0.07721826434135437,0.8458662033081055
23,1582739,2016,0.002929358,0.05243887560216853,0.04950951760216853,0.024221902713179592,0.131191223859787,0.8445868492126465
24,1584433,2016,0.01877218,0.005800630590188982,-0.012971549409811017,0.13680222630500793,0.17509204149246216,0.6881057620048523
25,1584986,2016,0.002929358,0.06295729344482281,0.060027935444822815,0.0344867929816246,0.12744879722595215,0.838064432144165
26,1584986,2016,0.002929358,0.06295729344482281,0.060027935444822815,0.03353538736701012,0.0719270184636116,0.8945375680923462
27,1586281,2016,0.002929358,-0.0074119827053737986,-0.010341340705373799,0.18834014236927032,0.1043158546090126,0.7073439955711365
28,1587982,2016,0.002929358,0.009321452021897825,0.006392094021897825,,,
29,1589025,2016,0.002929358,0.004503901948862632,0.001574543948862632,,,
30,1589025,2016,0.002929358,0.004503901948862632,0.001574543948862632,,,
31,1589161,2016,0.01877218,-0.009205787597623694,-0.027977967597623693,,,
32,1589756,2016,0.002929358,0.02479998191932431,0.02187062391932431,,,
33,1589756,2016,0.002929358,0.02479998191932431,0.02187062391932431,,,
34,1591167,2016,0.002929358,0.01898608584577932,0.01605672784577932,,,
35,1591167,2016,0.002929358,0.01898608584577932,0.01605672784577932,,,
36,1591556,2016,0.002929358,0.010731681749571731,0.007802323749571731,,,
37,1592106,2016,0.002929358,0.00629599447821394,0.00336663647821394,,,
38,1592106,2016,0.002929358,0.00629599447821394,0.00336663647821394,,,
39,1592106,2016,0.002929358,0.00629599447821394,0.00336663647821394,,,
40,1592900,2016,0.01877218,0.005034098174519386,-0.013738081825480614,,,
41,1593547,2016,0.002929358,0.012877963982299345,0.009948605982299345,,,
42,1593547,2016,0.002929358,0.012877963982299345,0.009948605982299345,,,
43,1594854,2016,0.01877218,0.011116282267545685,-0.007655897732454314,,,
44,1595106,2016,0.002929358,0.006223338223547925,0.003293980223547925,,,
45,1595106,2016,0.002929358,0.006223338223547925,0.003293980223547925,,,
46,1595386,2016,0.002929358,0.03869370789403015,0.03576434989403015,,,
47,1597389,2016,0.01877218,0.04083390652035557,0.022061726520355568,,,
48,1597934,2016,0.002929358,-0.0010949167452182218,-0.004024274745218222,,,
49,1597934,2016,0.002929358,-0.0010949167452182218,-0.004024274745218222,,,
50,1598735,2016,0.002929358,-0.009702750460482412,-0.012632108460482412,,,
51,1600215,2016,0.002929358,0.07323336217876597,0.07030400417876598,,,
52,1600215,2016,0.002929358,0.07323336217876597,0.07030400417876598,,,
53,1600584,2016,0.002929358,0.01993559683861945,0.01700623883861945,,,
54,1600584,2016,0.002929358,0.01993559683861945,0.01700623883861945,,,
55,1600600,2016,0.01877218,0.016033160265638058,-0.0027390197343619416,,,
56,1604813,2016,0.01877218,0.010546844268285449,-0.00822533573171455,,,
57,1605803,2016,0.002929358,0.00073057759613393,-0.00219878040386607,,,
58,1605941,2016,0.002929358,0.00023577230184024245,-0.0026935856981597575,,,
59,1607673,2016,0.002929358,0.023515174130309457,0.020585816130309458,,,
60,1607673,2016,0.002929358,0.023515174130309457,0.020585816130309458,,,
61,1607673,2016,0.002929358,0.023515174130309457,0.020585816130309458,,,
62,1608530,2016,0.01877218,0.005908875940733083,-0.012863304059266917,,,
63,1612930,2016,0.002929358,0.006632592038312568,0.003703234038312568,,,
64,1616668,2016,0.01877218,0.01142136412186856,-0.007350815878131439,,,
65,1617113,2016,0.002929358,-0.06582441001478323,-0.06875376801478322,,,
66,1617113,2016,0.002929358,-0.06582441001478323,-0.06875376801478322,,,
67,1617762,2016,0.002929358,0.029485377518994937,0.026556019518994937,,,
68,1617762,2016,0.002929358,0.029485377518994937,0.026556019518994937,,,
69,1618627,2016,0.01877218,0.03647210817688418,0.017699928176884178,,,
70,1618737,2016,0.01877218,0.018076581546546455,-0.0006955984534535442,,,
71,1621877,2016,0.002929358,-0.0160598475664242,-0.0189892055664242,,,
72,1621877,2016,0.002929358,-0.0160598475664242,-0.0189892055664242,,,
73,1625654,2016,0.002929358,-0.005052548052830841,-0.00798190605283084,,,
74,1625654,2016,0.002929358,-0.005052548052830841,-0.00798190605283084,,,
75,1627853,2016,0.01877218,0.009777386225380713,-0.008994793774619286,,,
76,1635295,2016,0.002929358,-0.002014675541594846,-0.004944033541594846,,,
77,1638872,2016,0.01877218,-0.009527257904960007,-0.028299437904960006,,,
78,1639456,2016,0.002929358,0.04636444793965255,0.04343508993965255,,,
79,1639456,2016,0.002929358,0.04636444793965255,0.04343508993965255,,,
80,1640102,2016,0.002929358,0.03156022351566201,0.02863086551566201,,,
81,1640102,2016,0.002929358,0.03156022351566201,0.02863086551566201,,,
82,1640924,2016,0.002929358,0.040450310986248406,0.037520952986248406,,,
83,1640924,2016,0.002929358,0.040450310986248406,0.037520952986248406,,,
84,1642227,2016,0.002929358,0.005835663280514325,0.002906305280514325,,,
85,1642227,2016,0.002929358,0.005835663280514325,0.002906305280514325,,,
86,1643174,2016,0.002929358,0.010153313135562447,0.007223955135562447,,,
87,1645194,2016,0.01877218,0.024846341672509764,0.006074161672509765,,,
88,1651634,2016,0.002929358,0.023928025167821776,0.020998667167821776,,,
89,1651634,2016,0.002929358,0.023928025167821776,0.020998667167821776,,,
90,1652200,2016,0.002929358,0.00682877451399877,0.00389941651399877,,,
91,1652200,2016,0.002929358,0.00682877451399877,0.00389941651399877,,,
92,1653463,2016,0.002929358,-0.01147045868049934,-0.01439981668049934,,,
93,1655589,2016,0.002929358,0.0,-0.002929358,,,
94,1656558,2016,0.002929358,0.0,-0.002929358,,,
95,1657267,2016,0.002929358,0.024037670712586223,0.021108312712586223,,,
96,1661813,2016,0.002929358,0.009708737864077666,0.006779379864077666,,,
97,1665789,2016,0.01877218,0.021707326133602045,0.0029351461336020457,,,
98,1567101,2017,0.00957965,0.013771798036250615,0.004192148036250615,0.05897364765405655,0.13366353511810306,0.8073627948760986
99,1567101,2017,0.00957965,0.013771798036250615,0.004192148036250615,0.02655091322958469,0.13743986189365387,0.8360092043876648
100,1567138,2017,0.00957965,0.0682757920147159,0.058696142014715895,0.1677592694759369,0.06858047097921371,0.7636603116989136
101,1567138,2017,0.00957965,0.0682757920147159,0.058696142014715895,0.09863562881946564,0.04691861942410469,0.85444575548172
102,1570384,2017,0.01212895,0.0002451020309646168,-0.011883847969035383,0.07619783282279967,0.07632126659154892,0.8474808931350708
103,1571768,2017,0.01212895,0.007452372616436165,-0.004676577383563835,0.16686758399009705,0.07078038901090622,0.7623520493507385
104,1572617,2017,0.01212895,0.011623102587093648,-0.0005058474129063517,0.0886484757065773,0.0760805681347847,0.8352709412574768
105,1572661,2017,0.00957965,0.03799291639807523,0.028413266398075225,0.0743795856833458,0.07219647616147995,0.8534239530563354
106,1572661,2017,0.00957965,0.03799291639807523,0.028413266398075225,0.04473384842276573,0.045715317130088806,0.9095509052276612
107,1573035,2017,0.00957965,0.014176261372524923,0.004596611372524923,0.024327948689460758,0.05788906663656235,0.91778302192688
108,1573035,2017,0.00957965,0.014176261372524923,0.004596611372524923,0.027908753603696827,0.059895757585763924,0.9121955633163452
109,1573386,2017,0.00957965,0.006927745051222178,-0.002651904948777822,0.021515002474188805,0.06881051510572432,0.9096744060516356
110,1573496,2017,0.00957965,0.0028959735842033485,-0.006683676415796652,0.1254729926586151,0.0894092246890068,0.7851178050041199
111,1573496,2017,0.00957965,0.0028959735842033485,-0.006683676415796652,0.02214144542813301,0.07265786081552505,0.9052006602287292
112,1576367,2017,0.00957965,0.02693591240609794,0.017356262406097937,0.07962476462125777,0.12192362546920775,0.7984515428543091
113,1576367,2017,0.00957965,0.02693591240609794,0.017356262406097937,0.039508048444986336,0.08555515855550766,0.8749368190765381
114,1577111,2017,0.00957965,0.006475354512256004,-0.003104295487743996,0.03062875010073185,0.07476852834224701,0.8946026563644409
115,1577111,2017,0.00957965,0.006475354512256004,-0.003104295487743996,0.0327582024037838,0.07308617234230043,0.8941555619239807
116,1577579,2017,0.00957965,0.0026069916591773268,-0.0069726583408226735,0.0408146046102047,0.048783302307128906,0.9104019999504088
117,1577579,2017,0.00957965,0.0026069916591773268,-0.0069726583408226735,0.0484556183218956,0.056104369461536414,0.8954399824142456
118,1580350,2017,0.00957965,-0.006962736451210372,-0.016542386451210374,0.057480283081531525,0.04172822088003159,0.9007914662361144
119,1580353,2017,0.01212895,0.007136652752967709,-0.00499229724703229,0.1448684185743332,0.2455357015132904,0.6095958948135376
120,1580641,2017,0.00957965,0.006660735000729945,-0.0029189149992700555,0.2720710337162018,0.12133577466011047,0.6065931916236877
121,1580641,2017,0.00957965,0.006660735000729945,-0.0029189149992700555,0.028617631644010544,0.13665802776813507,0.8347242474555969
122,1584433,2017,0.00957965,0.010196224362187145,0.0006165743621871448,0.16027380526065824,0.12695594131946564,0.7127702236175537
123,1586281,2017,0.00957965,0.0226265695955552,0.013046919595555201,0.2136712670326233,0.17364455759525302,0.6126841902732849
124,1586281,2017,0.00957965,0.0226265695955552,0.013046919595555201,0.16797025501728058,0.0554053895175457,0.7766243815422058
125,1587551,2017,0.00957965,0.029728422022329726,0.020148772022329724,0.029389023780822757,0.04811455309391022,0.922496497631073
126,1587551,2017,0.00957965,0.029728422022329726,0.020148772022329724,,,
127,1587551,2017,0.00957965,0.029728422022329726,0.020148772022329724,,,
128,1587551,2017,0.00957965,0.029728422022329726,0.020148772022329724,,,
129,1587982,2017,0.00957965,0.014786348530700266,0.005206698530700266,,,
130,1587982,2017,0.00957965,0.014786348530700266,0.005206698530700266,,,
131,1587982,2017,0.00957965,0.014786348530700266,0.005206698530700266,,,
132,1589025,2017,0.00957965,0.0016693766456055137,-0.007910273354394487,,,
133,1589025,2017,0.00957965,0.0016693766456055137,-0.007910273354394487,,,
134,1589161,2017,0.01212895,0.004032965525351484,-0.008095984474648515,,,
135,1589756,2017,0.00957965,0.018219541774933123,0.008639891774933123,,,
136,1589756,2017,0.00957965,0.018219541774933123,0.008639891774933123,,,
137,1591556,2017,0.00957965,0.01043923921393386,0.0008595892139338594,,,
138,1591556,2017,0.00957965,0.01043923921393386,0.0008595892139338594,,,
139,1591939,2017,0.01212895,0.011753786122855603,-0.0003751638771443966,,,
140,1592106,2017,0.00957965,0.0031738235407796633,-0.006405826459220337,,,
141,1592106,2017,0.00957965,0.0031738235407796633,-0.006405826459220337,,,
142,1592900,2017,0.01212895,0.013061112034318478,0.0009321620343184789,,,
143,1594854,2017,0.01212895,0.004054237097887992,-0.008074712902112008,,,
144,1594854,2017,0.01212895,0.004054237097887992,-0.008074712902112008,,,
145,1595106,2017,0.01212895,0.04533273967310514,0.03320378967310514,,,
146,1595386,2017,0.00957965,0.020208817579693727,0.010629167579693727,,,
147,1595386,2017,0.00957965,0.020208817579693727,0.010629167579693727,,,
148,1597389,2017,0.00957965,0.02999761443269655,0.02041796443269655,,,
149,1597389,2017,0.00957965,0.02999761443269655,0.02041796443269655,,,
150,1597934,2017,0.01212895,0.031927960165162306,0.019799010165162306,,,
151,1598735,2017,0.00957965,0.026722033690141034,0.017142383690141032,,,
152,1598735,2017,0.00957965,0.026722033690141034,0.017142383690141032,,,
153,1600215,2017,0.00957965,0.017886760198164264,0.008307110198164264,,,
154,1600215,2017,0.00957965,0.017886760198164264,0.008307110198164264,,,
155,1600584,2017,0.00957965,0.05367831107988308,0.04409866107988308,,,
156,1600584,2017,0.00957965,0.05367831107988308,0.04409866107988308,,,
157,1600600,2017,0.00957965,0.0037070735294377766,-0.005872576470562224,,,
158,1602508,2017,0.00957965,0.0012502360242656607,-0.00832941397573434,,,
159,1604813,2017,0.00957965,0.005865712338104956,-0.0037139376618950445,,,
160,1605283,2017,0.01212895,0.0013149550449549352,-0.010813994955045064,,,
161,1605803,2017,0.00957965,0.030329389214760916,0.020749739214760914,,,
162,1605803,2017,0.00957965,0.030329389214760916,0.020749739214760914,,,
163,1605941,2017,0.00957965,0.010524890382050733,0.000945240382050733,,,
164,1605941,2017,0.00957965,0.010524890382050733,0.000945240382050733,,,
165,1607673,2017,0.00957965,-0.0032085561497325887,-0.012788206149732589,,,
166,1608530,2017,0.00957965,-0.0011723768115941002,-0.0107520268115941,,,
167,1612930,2017,0.00957965,0.0038126488564089733,-0.005767001143591027,,,
168,1614370,2017,0.01212895,0.03136700749803234,0.01923805749803234,,,
169,1614522,2017,0.00957965,0.005531187145071836,-0.004048462854928164,,,
170,1614522,2017,0.00957965,0.005531187145071836,-0.004048462854928164,,,
171,1614812,2017,0.01212895,0.0010193679918450993,-0.0111095820081549,,,
172,1616668,2017,0.00957965,0.0044460019639591675,-0.005133648036040833,,,
173,1617113,2017,0.00957965,0.061220869557195856,0.051641219557195854,,,
174,1617113,2017,0.00957965,0.061220869557195856,0.051641219557195854,,,
175,1617762,2017,0.00957965,0.0011877790864518456,-0.008391870913548155,,,
176,1618627,2017,0.01212895,0.00985612727712426,-0.002272822722875739,,,
177,1618737,2017,0.00957965,0.00042495609756088015,-0.00915469390243912,,,
178,1625654,2017,0.00957965,0.027648628996134628,0.018068978996134626,,,
179,1625654,2017,0.00957965,0.027648628996134628,0.018068978996134626,,,
180,1627853,2017,0.00957965,0.016616900659777167,0.007037250659777167,,,
181,1627853,2017,0.00957965,0.016616900659777167,0.007037250659777167,,,
182,1633061,2017,0.01212895,0.03332262041872136,0.02119367041872136,,,
183,1635073,2017,0.00957965,0.010125535327079271,0.0005458853270792711,,,
184,1635295,2017,0.00957965,0.0075283353048141155,-0.002051314695185885,,,
185,1635295,2017,0.00957965,0.0075283353048141155,-0.002051314695185885,,,
186,1638872,2017,0.00957965,0.01704184580721857,0.007462195807218569,,,
187,1639456,2017,0.00957965,0.00437069216668462,-0.00520895783331538,,,
188,1639456,2017,0.00957965,0.00437069216668462,-0.00520895783331538,,,
189,1640102,2017,0.00957965,-0.00044010912187475437,-0.010019759121874755,,,
190,1640924,2017,0.00957965,-0.0007220269666120549,-0.010301676966612055,,,
191,1642227,2017,0.00957965,-0.028882466638415316,-0.03846211663841532,,,
192,1643174,2017,0.00957965,0.017147914912375883,0.007568264912375883,,,
193,1643174,2017,0.00957965,0.017147914912375883,0.007568264912375883,,,
194,1643838,2017,0.01212895,0.004363035906281398,-0.007765914093718601,,,
195,1644419,2017,0.00957965,0.00441992194308094,-0.00515972805691906,,,
196,1645194,2017,0.01212895,0.016276838001753946,0.0041478880017539466,,,
197,1648403,2017,0.01212895,-0.0014989238507766567,-0.013627873850776656,,,
198,1650149,2017,0.00957965,-0.003586552949137456,-0.013166202949137456,,,
199,1650149,2017,0.00957965,-0.003586552949137456,-0.013166202949137456,,,
200,1650149,2017,0.00957965,-0.003586552949137456,-0.013166202949137456,,,
201,1651634,2017,0.01212895,0.003847755660917329,-0.00828119433908267,,,
202,1652200,2017,0.01212895,0.002191173450081685,-0.009937776549918315,,,
203,1653463,2017,0.00957965,0.02270861887067066,0.01312896887067066,,,
204,1653463,2017,0.00957965,0.02270861887067066,0.01312896887067066,,,
205,1655146,2017,0.00957965,-0.000922628935571379,-0.01050227893557138,,,
206,1655146,2017,0.00957965,-0.000922628935571379,-0.01050227893557138,,,
207,1655589,2017,0.00957965,0.01879997396061084,0.009220323960610838,,,
208,1655589,2017,0.00957965,0.01879997396061084,0.009220323960610838,,,
209,1656558,2017,0.00957965,0.03923510718541556,0.02965545718541556,,,
210,1656558,2017,0.00957965,0.03923510718541556,0.02965545718541556,,,
211,1657267,2017,0.00957965,0.004841070862707575,-0.004738579137292425,,,
212,1659326,2017,0.01212895,-0.007025908045976914,-0.019154858045976914,,,
213,1660765,2017,0.00957965,0.0009781616120323466,-0.008601488387967654,,,
214,1660935,2017,0.00957965,0.012300916500013637,0.0027212665000136364,,,
215,1660935,2017,0.00957965,0.012300916500013637,0.0027212665000136364,,,
216,1661813,2017,0.00957965,-0.009312638580931343,-0.018892288580931345,,,
217,1665789,2017,0.00957965,0.0034937225515798698,-0.0060859274484201305,,,
218,1667919,2017,0.00957965,0.02197792313887148,0.01239827313887148,,,
219,1667919,2017,0.00957965,0.02197792313887148,0.01239827313887148,,,
220,1668512,2017,0.00957965,0.014685346259825538,0.005105696259825538,,,
221,1668512,2017,0.00957965,0.014685346259825538,0.005105696259825538,,,
222,1669626,2017,0.01212895,0.006284955727427377,-0.005843994272572622,,,
223,1670310,2017,0.00957965,0.048050057886919406,0.038470407886919404,,,
224,1670310,2017,0.00957965,0.048050057886919406,0.038470407886919404,,,
225,1672826,2017,0.01212895,0.00861320756938011,-0.0035157424306198892,,,
226,1680255,2017,0.01212895,0.08727404715139242,0.07514509715139242,,,
227,1681576,2017,0.00957965,0.004637997062012289,-0.004941652937987711,,,
228,1681576,2017,0.00957965,0.004637997062012289,-0.004941652937987711,,,
229,1688680,2017,0.00957965,0.00587051191573873,-0.0037091380842612705,,,
230,1689322,2017,0.01212895,0.03348623853210997,0.02135728853210997,,,
231,1689873,2017,0.01212895,0.03162515638734886,0.019496206387348863,,,
232,1691994,2017,0.00957965,0.004837930498576171,-0.00474171950142383,,,
233,1567101,2019,0.06727886,0.06338140033780748,-0.003897459662192515,0.08664298802614212,0.14562416076660156,0.7677328586578369
234,1567101,2019,0.06727886,0.06338140033780748,-0.003897459662192515,0.028500817716121674,0.1145688369870186,0.8569304347038269
235,1567138,2019,0.06727886,0.11009772486768554,0.04281886486768555,0.08272578567266464,0.11682941764593124,0.8004447817802429
236,1567138,2019,0.06727886,0.11009772486768554,0.04281886486768555,0.07078292965888977,0.11181344836950302,0.8174036145210266
237,1570384,2019,0.06727886,0.062433121297932326,-0.00484573870206767,0.05981612205505371,0.12656626105308533,0.8136175870895386
238,1571768,2019,0.06727886,0.06848869253924628,0.0012098325392462805,0.10972800850868224,0.13072587549686432,0.7595460414886475
239,1571768,2019,0.06727886,0.06848869253924628,0.0012098325392462805,0.09134063124656676,0.1014450341463089,0.8072143197059631
240,1572617,2019,0.02849068,0.020816097496807462,-0.007674582503192539,0.053619440644979484,0.10464209318161012,0.8417384624481201
241,1572661,2019,0.06727886,0.08065625922379094,0.013377399223790942,0.06116757914423944,0.07427655905485152,0.8645558357238771
242,1572661,2019,0.06727886,0.08065625922379094,0.013377399223790942,0.03345326706767082,0.045323729515075684,0.9212230443954468
243,1573035,2019,0.06727886,0.04921862872272653,-0.018060231277273464,0.03728882223367691,0.11778703331947328,0.8449241518974304
244,1573035,2019,0.06727886,0.04921862872272653,-0.018060231277273464,0.02736328169703484,0.15728549659252167,0.8153513073921204
245,1573035,2019,0.06727886,0.04921862872272653,-0.018060231277273464,0.027203707024455067,0.08093167096376419,0.891864538192749
246,1573099,2019,0.06727886,0.05919241071509762,-0.008086449284902375,0.02101823501288891,0.04155097529292106,0.937430739402771
247,1573386,2019,0.06727886,0.07430045136403929,0.007021591364039292,0.03145232051610947,0.1481941193342209,0.8203534483909607
248,1573386,2019,0.06727886,0.07430045136403929,0.007021591364039292,0.0245875995606184,0.10507546365261078,0.8703368902206421
249,1573496,2019,0.06727886,0.04820688508662796,-0.019071974913372036,0.023630809038877487,0.07388043403625487,0.9024887084960938
250,1576367,2019,0.06727886,0.0732908582034082,0.006011998203408198,0.05488251522183418,0.10000909864902496,0.8451083898544312
251,1576367,2019,0.06727886,0.0732908582034082,0.006011998203408198,0.1836438775062561,0.11001620441675186,0.706339955329895
252,1577111,2019,0.06727886,0.005274008972089295,-0.0620048510279107,0.027475904673337936,0.0629308819770813,0.9095932245254515
253,1577579,2019,0.06727886,0.019612550773520088,-0.04766630922647991,0.03996394574642181,0.06743263453245163,0.8926034569740295
254,1579982,2019,0.02849068,0.019032659602760793,-0.009458020397239208,0.15654541552066806,0.1022718995809555,0.7411826848983765
255,1580350,2019,0.06727886,0.02004518202575123,-0.04723367797424877,0.03168417140841484,0.0551762580871582,0.9131395220756532
256,1580353,2019,0.06727886,0.06374948370692501,-0.0035293762930749817,0.074961356818676,0.19471585750579834,0.7303228378295898
257,1580353,2019,0.06727886,0.06374948370692501,-0.0035293762930749817,0.14265641570091248,0.2184358537197113,0.6389078497886658
258,1580641,2019,0.06727886,0.051211077675999084,-0.016067782324000912,0.1101924479007721,0.4119087755680084,0.4778987765312195
259,1580641,2019,0.06727886,0.051211077675999084,-0.016067782324000912,0.0271352156996727,0.12869727611541748,0.8441675305366516
260,1580956,2019,0.06727886,0.13813273000110748,0.07085387000110749,0.044509820640087135,0.128069669008255,0.8274205327033997
261,1580956,2019,0.06727886,0.13813273000110748,0.07085387000110749,0.07394233345985413,0.1124289333820343,0.8136287331581116
262,1584433,2019,0.06727886,0.13845872329149667,0.07117986329149667,0.06166632473468781,0.1965457648038864,0.7417879700660706
263,1584433,2019,0.06727886,0.13845872329149667,0.07117986329149667,0.07737519592046738,0.19173839688301086,0.7308863997459412
264,1584986,2019,0.06727886,0.01168115973253081,-0.055597700267469186,0.034064486622810364,0.10811514407396317,0.8578203916549683
265,1584986,2019,0.06727886,0.01168115973253081,-0.055597700267469186,0.028123769909143448,0.0533011257648468,0.9185751080513
266,1587551,2019,0.02849068,0.04813366022078447,0.019642980220784468,,,
267,1587551,2019,0.02849068,0.04813366022078447,0.019642980220784468,,,
268,1589756,2019,0.06727886,0.03652596234186323,-0.03075289765813677,,,
269,1591556,2019,0.06727886,0.058299843644521676,-0.00897901635547832,,,
270,1591556,2019,0.06727886,0.058299843644521676,-0.00897901635547832,,,
271,1592900,2019,0.06727886,0.08736957836694881,0.020090718366948812,,,
272,1592900,2019,0.06727886,0.08736957836694881,0.020090718366948812,,,
273,1593547,2019,0.06727886,0.07542204604016245,0.008143186040162453,,,
274,1593547,2019,0.06727886,0.07542204604016245,0.008143186040162453,,,
275,1594854,2019,0.06727886,0.06668890467493171,-0.000589955325068281,,,
276,1594854,2019,0.06727886,0.06668890467493171,-0.000589955325068281,,,
277,1595386,2019,0.06727886,0.037295345813504355,-0.02998351418649564,,,
278,1597389,2019,0.02849068,0.059725122346838466,0.031234442346838465,,,
279,1598735,2019,0.06727886,0.062230799395373015,-0.0050480606046269805,,,
280,1600584,2019,0.06727886,0.05246813553377527,-0.014810724466224723,,,
281,1600600,2019,0.06727886,0.03375937511765437,-0.03351948488234563,,,
282,1600600,2019,0.06727886,0.03375937511765437,-0.03351948488234563,,,
283,1602508,2019,0.06727886,0.0628580262901477,-0.004420833709852301,,,
284,1602508,2019,0.06727886,0.0628580262901477,-0.004420833709852301,,,
285,1604813,2019,0.06727886,0.09262841859994175,0.025349558599941757,,,
286,1604813,2019,0.06727886,0.09262841859994175,0.025349558599941757,,,
287,1605283,2019,0.02849068,0.001757858788696165,-0.026732821211303836,,,
288,1605941,2019,0.06727886,0.06535927487057336,-0.0019195851294266375,,,
289,1605941,2019,0.06727886,0.06535927487057336,-0.0019195851294266375,,,
290,1608530,2019,0.06727886,0.008080572407416664,-0.05919828759258333,,,
291,1608530,2019,0.06727886,0.008080572407416664,-0.05919828759258333,,,
292,1612930,2019,0.02849068,0.006421666425775463,-0.022069013574224538,,,
293,1614370,2019,0.02849068,0.0155081454808923,-0.012982534519107702,,,
294,1614522,2019,0.06727886,0.014832093175493055,-0.05244676682450694,,,
295,1614522,2019,0.06727886,0.014832093175493055,-0.05244676682450694,,,
296,1614522,2019,0.06727886,0.014832093175493055,-0.05244676682450694,,,
297,1616668,2019,0.02849068,0.03178513500920466,0.003294455009204656,,,
298,1617113,2019,0.06727886,0.11764284053438634,0.05036398053438634,,,
299,1617113,2019,0.06727886,0.11764284053438634,0.05036398053438634,,,
300,1617762,2019,0.02849068,0.019561868256186,-0.008928811743814002,,,
301,1618627,2019,0.06727886,0.048170488045763404,-0.01910837195423659,,,
302,1618627,2019,0.06727886,0.048170488045763404,-0.01910837195423659,,,
303,1627853,2019,0.06727886,0.06134217951668752,-0.005936680483312473,,,
304,1627853,2019,0.06727886,0.06134217951668752,-0.005936680483312473,,,
305,1635073,2019,0.06727886,0.0695905584094425,0.0023116984094425086,,,
306,1635073,2019,0.06727886,0.0695905584094425,0.0023116984094425086,,,
307,1635295,2019,0.06727886,0.03210366668593867,-0.035175193314061326,,,
308,1635295,2019,0.06727886,0.03210366668593867,-0.035175193314061326,,,
309,1635295,2019,0.06727886,0.03210366668593867,-0.035175193314061326,,,
310,1635295,2019,0.06727886,0.03210366668593867,-0.035175193314061326,,,
311,1638872,2019,0.06727886,0.0294246357831085,-0.0378542242168915,,,
312,1638872,2019,0.06727886,0.0294246357831085,-0.0378542242168915,,,
313,1640102,2019,0.02849068,0.01856584486579771,-0.009924835134202292,,,
314,1640924,2019,0.02849068,0.02626995313288627,-0.0022207268671137308,,,
315,1643174,2019,0.06727886,0.06546870634565338,-0.0018101536543466135,,,
316,1643174,2019,0.06727886,0.06546870634565338,-0.0018101536543466135,,,
317,1643838,2019,0.06727886,0.09257621129670657,0.02529735129670657,,,
318,1643838,2019,0.06727886,0.09257621129670657,0.02529735129670657,,,
319,1644419,2019,0.06727886,0.1818550923505755,0.11457623235057551,,,
320,1644419,2019,0.06727886,0.1818550923505755,0.11457623235057551,,,
321,1644419,2019,0.06727886,0.1818550923505755,0.11457623235057551,,,
322,1644419,2019,0.06727886,0.1818550923505755,0.11457623235057551,,,
323,1644419,2019,0.06727886,0.1818550923505755,0.11457623235057551,,,
324,1645194,2019,0.06727886,0.09569964213215831,0.028420782132158318,,,
325,1645194,2019,0.06727886,0.09569964213215831,0.028420782132158318,,,
326,1648403,2019,0.02849068,0.01593994064166937,-0.01255073935833063,,,
327,1649227,2019,0.02849068,-0.0026455566905003725,-0.031136236690500373,,,
328,1650149,2019,0.06727886,0.03214819608255137,-0.035130663917448623,,,
329,1650149,2019,0.06727886,0.03214819608255137,-0.035130663917448623,,,
330,1650149,2019,0.06727886,0.03214819608255137,-0.035130663917448623,,,
331,1650149,2019,0.06727886,0.03214819608255137,-0.035130663917448623,,,
332,1651634,2019,0.06727886,0.0804315943634113,0.0131527343634113,,,
333,1651872,2019,0.06727886,0.0922679947600622,0.024989134760062204,,,
334,1651872,2019,0.06727886,0.0922679947600622,0.024989134760062204,,,
335,1652200,2019,0.06727886,0.01970382659165426,-0.047575033408345735,,,
336,1652200,2019,0.06727886,0.01970382659165426,-0.047575033408345735,,,
337,1653463,2019,0.02849068,0.03450387998714133,0.006013199987141327,,,
338,1655146,2019,0.06727886,0.010688346060390375,-0.05659051393960962,,,
339,1655589,2019,0.06727886,0.0942552733794162,0.026976413379416198,,,
340,1655589,2019,0.06727886,0.0942552733794162,0.026976413379416198,,,
341,1657201,2019,0.06727886,0.05284402495774532,-0.014434835042254679,,,
342,1657201,2019,0.06727886,0.05284402495774532,-0.014434835042254679,,,
343,1657201,2019,0.06727886,0.05284402495774532,-0.014434835042254679,,,
344,1657267,2019,0.06727886,0.12713279097718488,0.05985393097718489,,,
345,1657267,2019,0.06727886,0.12713279097718488,0.05985393097718489,,,
346,1659326,2019,0.06727886,0.04217401833796708,-0.025104841662032917,,,
347,1659326,2019,0.06727886,0.04217401833796708,-0.025104841662032917,,,
348,1660765,2019,0.06727886,0.06676642748870809,-0.0005124325112919048,,,
349,1660765,2019,0.06727886,0.06676642748870809,-0.0005124325112919048,,,
350,1660935,2019,0.02849068,0.032886816252273965,0.004396136252273964,,,
351,1663503,2019,0.02849068,0.0251924726822228,-0.0032982073177772013,,,
352,1665789,2019,0.02849068,0.04292159308516408,0.014430913085164077,,,
353,1667919,2019,0.06727886,0.04780004016016859,-0.019478819839831407,,,
354,1667919,2019,0.06727886,0.04780004016016859,-0.019478819839831407,,,
355,1668512,2019,0.06727886,0.08813998342256069,0.02086112342256069,,,
356,1668512,2019,0.06727886,0.08813998342256069,0.02086112342256069,,,
357,1669626,2019,0.06727886,0.07190487421641345,0.004626014216413454,,,
358,1669626,2019,0.06727886,0.07190487421641345,0.004626014216413454,,,
359,1670310,2019,0.06727886,0.10880862287841886,0.04152976287841886,,,
360,1670310,2019,0.06727886,0.10880862287841886,0.04152976287841886,,,
361,1672826,2019,0.06727886,0.0962402738703283,0.0289614138703283,,,
362,1672826,2019,0.06727886,0.0962402738703283,0.0289614138703283,,,
363,1673996,2019,0.06727886,0.10152977443263533,0.03425091443263534,,,
364,1673996,2019,0.06727886,0.10152977443263533,0.03425091443263534,,,
365,1680255,2019,0.06727886,0.24882159428587336,0.18154273428587336,,,
366,1680255,2019,0.06727886,0.24882159428587336,0.18154273428587336,,,
367,1681576,2019,0.06727886,0.014803926820473157,-0.05247493317952684,,,
368,1681576,2019,0.06727886,0.014803926820473157,-0.05247493317952684,,,
369,1688680,2019,0.06727886,0.05382654254167574,-0.013452317458324259,,,
370,1688680,2019,0.06727886,0.05382654254167574,-0.013452317458324259,,,
371,1689873,2019,0.02849068,0.03686225340477067,0.008371573404770672,,,
372,1691167,2019,0.06727886,0.020316231858922063,-0.04696262814107793,,,
373,1691167,2019,0.06727886,0.020316231858922063,-0.04696262814107793,,,
374,1691994,2019,0.02849068,0.029695261954065133,0.0012045819540651322,,,
375,1696729,2019,0.06727886,0.05145919834204804,-0.015819661657951956,,,
376,1696729,2019,0.06727886,0.05145919834204804,-0.015819661657951956,,,
377,1697268,2019,0.02849068,0.038306170765896264,0.009815490765896263,,,
378,1697268,2019,0.02849068,0.038306170765896264,0.009815490765896263,,,
379,1697504,2019,0.06727886,0.0752798337555678,0.008000973755567797,,,
380,1698609,2019,0.02849068,0.02650248593648663,-0.0019881940635133703,,,
381,1699360,2019,0.02849068,0.018432248365012338,-0.010058431634987663,,,
382,1707560,2019,0.06727886,0.17165095319712886,0.10437209319712887,,,
383,1707560,2019,0.06727886,0.17165095319712886,0.10437209319712887,,,
384,1707560,2019,0.06727886,0.17165095319712886,0.10437209319712887,,,
385,1707770,2019,0.06727886,0.0239319328019183,-0.0433469271980817,,,
386,1707770,2019,0.06727886,0.0239319328019183,-0.0433469271980817,,,
387,1710607,2019,0.06727886,0.07421821521713579,0.00693935521713579,,,
388,1710607,2019,0.06727886,0.07421821521713579,0.00693935521713579,,,
389,1719812,2019,0.02849068,0.044535169420416576,0.016044489420416575,,,
390,1719812,2019,0.02849068,0.044535169420416576,0.016044489420416575,,,
391,1722388,2019,0.06727886,0.10115745873826598,0.033878598738265986,,,
392,1722388,2019,0.06727886,0.10115745873826598,0.033878598738265986,,,
393,1722478,2019,0.06727886,0.06002843260103474,-0.0072504273989652535,,,
394,1722478,2019,0.06727886,0.06002843260103474,-0.0072504273989652535,,,
395,1727074,2019,0.06727886,0.07390187388449299,0.00662301388449299,,,
396,1727074,2019,0.06727886,0.07390187388449299,0.00662301388449299,,,
397,1727398,2019,0.06727886,0.041331666244619036,-0.02594719375538096,,,
398,1736078,2019,0.02849068,0.01726241719525401,-0.011228262804745991,,,
399,1738072,2019,0.06727886,0.023451233720542808,-0.04382762627945719,,,
400,1738072,2019,0.06727886,0.023451233720542808,-0.04382762627945719,,,
401,1738074,2019,0.06727886,0.014734020939092263,-0.05254483906090773,,,
402,1738074,2019,0.06727886,0.014734020939092263,-0.05254483906090773,,,
403,1738078,2019,0.06727886,0.035441288461364406,-0.03183757153863559,,,
404,1738078,2019,0.06727886,0.035441288461364406,-0.03183757153863559,,,
405,1738078,2019,0.06727886,0.035441288461364406,-0.03183757153863559,,,
406,1738079,2019,0.06727886,0.012159612424049948,-0.05511924757595005,,,
407,1738079,2019,0.06727886,0.012159612424049948,-0.05511924757595005,,,
408,1738080,2019,0.06727886,0.014368603824830517,-0.05291025617516948,,,
409,1738080,2019,0.06727886,0.014368603824830517,-0.05291025617516948,,,
410,1742912,2019,0.06727886,0.06251984735728588,-0.004759012642714111,,,
411,1747688,2019,0.02849068,0.02584094231668388,-0.0026497376833161217,,,
412,1750821,2019,0.06727886,0.07250532335663307,0.005226463356633071,,,
413,1750821,2019,0.06727886,0.07250532335663307,0.005226463356633071,,,
414,1760077,2019,0.06727886,0.041641941486655565,-0.02563691851334443,,,
415,1760077,2019,0.06727886,0.041641941486655565,-0.02563691851334443,,,
416,1762332,2019,0.02849068,0.012606085747331575,-0.015884594252668426,,,
417,1768447,2019,0.02849068,8.673785706747594e-05,-0.028403942142932525,,,
418,1567101,2020,0.02529908,0.05337310535104556,0.028074025351045556,0.056683599948883064,0.15130901336669922,0.7920073866844177
419,1567101,2020,0.02529908,0.05337310535104556,0.028074025351045556,0.025471234694123268,0.09979061037302016,0.8747381567955017
420,1571768,2020,0.02529908,0.0660162220932139,0.04071714209321389,0.08738876134157181,0.14624764025211334,0.7663636207580566
421,1571768,2020,0.02529908,0.0660162220932139,0.04071714209321389,0.11706681549549106,0.14798042178153992,0.7349527478218079
422,1572617,2020,0.04504829,0.04130895172072124,-0.0037393382792787547,0.09227199852466583,0.07195135951042175,0.8357766270637512
423,1572661,2020,0.02529908,0.026896979838321178,0.0015978998383211762,0.029969906434416767,0.04513097554445267,0.9248991012573242
424,1573386,2020,0.02529908,0.02504695279236646,-0.00025212720763354013,0.04866920411586762,0.11997950822114944,0.8313512802124023
425,1573386,2020,0.02529908,0.02504695279236646,-0.00025212720763354013,0.024453125894069668,0.15671633183956146,0.8188305497169495
426,1573496,2020,0.02529908,0.1317595304945416,0.10646045049454159,0.10467313975095748,0.07033112645149231,0.8249956965446472
427,1573496,2020,0.02529908,0.1317595304945416,0.10646045049454159,0.0957312434911728,0.0655423104763031,0.8387264609336853
428,1573496,2020,0.02529908,0.1317595304945416,0.10646045049454159,0.024306777864694595,0.05924497917294502,0.9164482355117798
429,1576367,2020,0.02529908,-0.02534376363710289,-0.05064284363710289,0.043560940772295,0.1086791381239891,0.8477599620819092
430,1576367,2020,0.02529908,-0.02534376363710289,-0.05064284363710289,0.02259340696036816,0.0807647630572319,0.896641731262207
431,1577579,2020,0.02529908,0.03213338194424664,0.00683430194424664,0.03291008621454239,0.06156851723790169,0.9055213928222656
432,1580350,2020,0.02529908,0.025662418216504168,0.00036333821650416653,0.08210328966379166,0.07432544231414795,0.8435712456703186
433,1580350,2020,0.02529908,0.025662418216504168,0.00036333821650416653,0.03136859461665153,0.07037708908319472,0.8982542753219604
434,1580353,2020,0.02529908,0.03393342044185932,0.008634340441859317,0.13946104049682614,0.15546348690986633,0.7050753831863403
435,1580353,2020,0.02529908,0.03393342044185932,0.008634340441859317,0.022028379142284397,0.16966305673122406,0.808308482170105
436,1580641,2020,0.02529908,0.014224527175633384,-0.011074552824366618,0.029496867209672924,0.13298068940639496,0.8375224471092224
437,1580843,2020,0.02529908,0.0958310833349314,0.0705320033349314,0.04947516322135925,0.10289648920297624,0.8476283550262451
438,1580843,2020,0.02529908,0.0958310833349314,0.0705320033349314,0.021516988053917885,0.10073184967041016,0.8777511715888977
439,1580956,2020,0.04504829,0.02785126493939294,-0.01719702506060706,0.04768360778689385,0.12879271805286407,0.8235236406326294
440,1584433,2020,0.02529908,0.06944851627012949,0.04414943627012949,0.032601531594991684,0.12508997321128845,0.8423085212707521
441,1587982,2020,0.02529908,0.03788805896140923,0.01258897896140923,,,
442,1587982,2020,0.02529908,0.03788805896140923,0.01258897896140923,,,
443,1589756,2020,0.04504829,0.016777480872746775,-0.028270809127253223,,,
444,1591556,2020,0.04504829,0.0523308775680249,0.007282587568024905,,,
445,1591939,2020,0.02529908,-0.0009785547666275596,-0.02627763476662756,,,
446,1591939,2020,0.02529908,-0.0009785547666275596,-0.02627763476662756,,,
447,1592900,2020,0.02529908,0.1050365511035809,0.0797374711035809,,,
448,1592900,2020,0.02529908,0.1050365511035809,0.0797374711035809,,,
449,1593547,2020,0.02529908,0.07805858060632231,0.05275950060632231,,,
450,1593547,2020,0.02529908,0.07805858060632231,0.05275950060632231,,,
451,1594854,2020,0.02529908,0.030981067125645634,0.005681987125645632,,,
452,1595386,2020,0.02529908,0.09428930167040983,0.06899022167040983,,,
453,1595386,2020,0.02529908,0.09428930167040983,0.06899022167040983,,,
454,1597389,2020,0.02529908,0.07030132399687483,0.04500224399687483,,,
455,1597934,2020,0.02529908,0.07996558543023502,0.05466650543023502,,,
456,1597934,2020,0.02529908,0.07996558543023502,0.05466650543023502,,,
457,1600600,2020,0.02529908,0.002132677961895313,-0.02316640203810469,,,
458,1602508,2020,0.02529908,0.06202761587011274,0.03672853587011274,,,
459,1602508,2020,0.02529908,0.06202761587011274,0.03672853587011274,,,
460,1604813,2020,0.02529908,0.024269461004313264,-0.0010296189956867374,,,
461,1605803,2020,0.04504829,0.056856930627697366,0.011808640627697368,,,
462,1605941,2020,0.02529908,0.020891705871151522,-0.004407374128848479,,,
463,1608530,2020,0.04504829,0.01130344597666455,-0.03374484402333545,,,
464,1612930,2020,0.02529908,0.02039538757808379,-0.0049036924219162115,,,
465,1612930,2020,0.02529908,0.02039538757808379,-0.0049036924219162115,,,
466,1614370,2020,0.04504829,0.03154664528163953,-0.013501644718360468,,,
467,1614522,2020,0.02529908,0.010119193863143527,-0.015179886136856474,,,
468,1616668,2020,0.02529908,0.059587419318096524,0.03428833931809652,,,
469,1616668,2020,0.02529908,0.059587419318096524,0.03428833931809652,,,
470,1618627,2020,0.02529908,0.0035844297140614767,-0.021714650285938525,,,
471,1627853,2020,0.02529908,0.046198249179948636,0.020899169179948635,,,
472,1627853,2020,0.02529908,0.046198249179948636,0.020899169179948635,,,
473,1635073,2020,0.04504829,0.03646961543722105,-0.00857867456277895,,,
474,1635295,2020,0.02529908,0.0106451894124302,-0.014653890587569801,,,
475,1635295,2020,0.02529908,0.0106451894124302,-0.014653890587569801,,,
476,1635295,2020,0.02529908,0.0106451894124302,-0.014653890587569801,,,
477,1638872,2020,0.02529908,0.10745592496531642,0.08215684496531642,,,
478,1638872,2020,0.02529908,0.10745592496531642,0.08215684496531642,,,
479,1640102,2020,0.02529908,0.010393134763455159,-0.014905945236544843,,,
480,1643174,2020,0.02529908,0.03737070763868,0.01207162763868,,,
481,1643174,2020,0.02529908,0.03737070763868,0.01207162763868,,,
482,1643838,2020,0.02529908,0.062473303932777835,0.03717422393277783,,,
483,1643838,2020,0.02529908,0.062473303932777835,0.03717422393277783,,,
484,1644419,2020,0.04504829,0.03505049579065633,-0.009997794209343665,,,
485,1645192,2020,0.02529908,0.01363410447902802,-0.011664975520971982,,,
486,1645194,2020,0.02529908,0.11424380197612094,0.08894472197612094,,,
487,1645194,2020,0.02529908,0.11424380197612094,0.08894472197612094,,,
488,1645194,2020,0.02529908,0.11424380197612094,0.08894472197612094,,,
489,1645194,2020,0.02529908,0.11424380197612094,0.08894472197612094,,,
490,1648403,2020,0.04504829,0.022143555420456096,-0.022904734579543902,,,
491,1649227,2020,0.04504829,0.0019560878243511937,-0.043092202175648804,,,
492,1650149,2020,0.02529908,0.03903727446506444,0.01373819446506444,,,
493,1650149,2020,0.02529908,0.03903727446506444,0.01373819446506444,,,
494,1651872,2020,0.02529908,0.07833931739436228,0.05304023739436228,,,
495,1651872,2020,0.02529908,0.07833931739436228,0.05304023739436228,,,
496,1652200,2020,0.02529908,0.016525476797613514,-0.008773603202386487,,,
497,1652200,2020,0.02529908,0.016525476797613514,-0.008773603202386487,,,
498,1653463,2020,0.02529908,0.1036756779594592,0.0783765979594592,,,
499,1653463,2020,0.02529908,0.1036756779594592,0.0783765979594592,,,
500,1655146,2020,0.02529908,0.019192938623805,-0.006106141376195001,,,
501,1655146,2020,0.02529908,0.019192938623805,-0.006106141376195001,,,
502,1655589,2020,0.02529908,0.09226979954409864,0.06697071954409864,,,
503,1655589,2020,0.02529908,0.09226979954409864,0.06697071954409864,,,
504,1657201,2020,0.02529908,0.024800903315490785,-0.0004981766845092161,,,
505,1657201,2020,0.02529908,0.024800903315490785,-0.0004981766845092161,,,
506,1659326,2020,0.02529908,0.0449214696292497,0.019622389629249698,,,
507,1659326,2020,0.02529908,0.0449214696292497,0.019622389629249698,,,
508,1659326,2020,0.02529908,0.0449214696292497,0.019622389629249698,,,
509,1660765,2020,0.02529908,0.05001995352059163,0.02472087352059163,,,
510,1660765,2020,0.02529908,0.05001995352059163,0.02472087352059163,,,
511,1660935,2020,0.02529908,0.02538408820329008,8.500820329007674e-05,,,
512,1661813,2020,0.04504829,0.03228253751482413,-0.01276575248517587,,,
513,1663503,2020,0.04504829,0.03418329213432614,-0.01086499786567386,,,
514,1667919,2020,0.02529908,0.031237269062610817,0.005938189062610816,,,
515,1667919,2020,0.02529908,0.031237269062610817,0.005938189062610816,,,
516,1668512,2020,0.02529908,0.05413691088247652,0.028837830882476517,,,
517,1668512,2020,0.02529908,0.05413691088247652,0.028837830882476517,,,
518,1669626,2020,0.02529908,0.11605454244816937,0.09075546244816937,,,
519,1669626,2020,0.02529908,0.11605454244816937,0.09075546244816937,,,
520,1669626,2020,0.02529908,0.11605454244816937,0.09075546244816937,,,
521,1670310,2020,0.02529908,0.08129097314403744,0.055991893144037436,,,
522,1670310,2020,0.02529908,0.08129097314403744,0.055991893144037436,,,
523,1672826,2020,0.02529908,0.08318142289512509,0.05788234289512509,,,
524,1672826,2020,0.02529908,0.08318142289512509,0.05788234289512509,,,
525,1673996,2020,0.02529908,0.051976533062313646,0.026677453062313644,,,
526,1673996,2020,0.02529908,0.051976533062313646,0.026677453062313644,,,
527,1680255,2020,0.02529908,0.11437755885458323,0.08907847885458323,,,
528,1680255,2020,0.02529908,0.11437755885458323,0.08907847885458323,,,
529,1681576,2020,0.02529908,0.025903079308452703,0.0006039993084527018,,,
530,1681576,2020,0.02529908,0.025903079308452703,0.0006039993084527018,,,
531,1688680,2020,0.02529908,0.053292335703367666,0.027993255703367664,,,
532,1688680,2020,0.02529908,0.053292335703367666,0.027993255703367664,,,
533,1689873,2020,0.04504829,0.04158180375211051,-0.0034664862478894845,,,
534,1691167,2020,0.02529908,0.006518994771661291,-0.01878008522833871,,,
535,1691167,2020,0.02529908,0.006518994771661291,-0.01878008522833871,,,
536,1691994,2020,0.04504829,0.04951880657065577,0.004470516570655773,,,
537,1696729,2020,0.02529908,0.0636257952726238,0.038326715272623796,,,
538,1696729,2020,0.02529908,0.0636257952726238,0.038326715272623796,,,
539,1697268,2020,0.02529908,0.05831909510178401,0.03302001510178401,,,
540,1697268,2020,0.02529908,0.05831909510178401,0.03302001510178401,,,
541,1699360,2020,0.02529908,0.041688855680045434,0.016389775680045432,,,
542,1699360,2020,0.02529908,0.041688855680045434,0.016389775680045432,,,
543,1707560,2020,0.02529908,0.1033333659695106,0.07803428596951059,,,
544,1707560,2020,0.02529908,0.1033333659695106,0.07803428596951059,,,
545,1707560,2020,0.02529908,0.1033333659695106,0.07803428596951059,,,
546,1707770,2020,0.02529908,0.03223209817400674,0.006933018174006739,,,
547,1707770,2020,0.02529908,0.03223209817400674,0.006933018174006739,,,
548,1710607,2020,0.02529908,0.08016943291906276,0.054870352919062754,,,
549,1710607,2020,0.02529908,0.08016943291906276,0.054870352919062754,,,
550,1716909,2020,0.02529908,0.04952401933870432,0.024224939338704315,,,
551,1719812,2020,0.02529908,0.014998210939987544,-0.010300869060012458,,,
552,1719812,2020,0.02529908,0.014998210939987544,-0.010300869060012458,,,
553,1722388,2020,0.02529908,0.06806659387152392,0.042767513871523916,,,
554,1722388,2020,0.02529908,0.06806659387152392,0.042767513871523916,,,
555,1722478,2020,0.02529908,0.04288809035621921,0.01758901035621921,,,
556,1722478,2020,0.02529908,0.04288809035621921,0.01758901035621921,,,
557,1727074,2020,0.02529908,0.06612602428884684,0.04082694428884684,,,
558,1727074,2020,0.02529908,0.06612602428884684,0.04082694428884684,,,
559,1727398,2020,0.02529908,0.1334012129149842,0.10810213291498419,,,
560,1727398,2020,0.02529908,0.1334012129149842,0.10810213291498419,,,
561,1727398,2020,0.02529908,0.1334012129149842,0.10810213291498419,,,
562,1728683,2020,0.02529908,0.2213197325049574,0.1960206525049574,,,
563,1728683,2020,0.02529908,0.2213197325049574,0.1960206525049574,,,
564,1728683,2020,0.02529908,0.2213197325049574,0.1960206525049574,,,
565,1736078,2020,0.04504829,0.032240588144231586,-0.012807701855768412,,,
566,1738072,2020,0.02529908,0.014141621236030577,-0.011157458763969424,,,
567,1738072,2020,0.02529908,0.014141621236030577,-0.011157458763969424,,,
568,1738074,2020,0.02529908,0.04660281927420584,0.02130373927420584,,,
569,1738074,2020,0.02529908,0.04660281927420584,0.02130373927420584,,,
570,1738074,2020,0.02529908,0.04660281927420584,0.02130373927420584,,,
571,1738074,2020,0.02529908,0.04660281927420584,0.02130373927420584,,,
572,1738074,2020,0.02529908,0.04660281927420584,0.02130373927420584,,,
573,1738078,2020,0.02529908,0.035756776348340624,0.010457696348340623,,,
574,1738078,2020,0.02529908,0.035756776348340624,0.010457696348340623,,,
575,1738078,2020,0.02529908,0.035756776348340624,0.010457696348340623,,,
576,1738078,2020,0.02529908,0.035756776348340624,0.010457696348340623,,,
577,1738079,2020,0.02529908,0.019176064176123164,-0.006123015823876837,,,
578,1738079,2020,0.02529908,0.019176064176123164,-0.006123015823876837,,,
579,1738080,2020,0.02529908,0.014338853621961523,-0.010960226378038479,,,
580,1738080,2020,0.02529908,0.014338853621961523,-0.010960226378038479,,,
581,1742912,2020,0.04504829,0.07992664444897435,0.03487835444897435,,,
582,1742912,2020,0.04504829,0.07992664444897435,0.03487835444897435,,,
583,1747688,2020,0.02529908,0.03323004025990972,0.00793096025990972,,,
584,1747688,2020,0.02529908,0.03323004025990972,0.00793096025990972,,,
585,1748197,2020,0.04504829,0.0510448804482162,0.005996590448216203,,,
586,1750821,2020,0.02529908,0.11606516769313191,0.09076608769313191,,,
587,1750821,2020,0.02529908,0.11606516769313191,0.09076608769313191,,,
588,1750821,2020,0.02529908,0.11606516769313191,0.09076608769313191,,,
589,1753394,2020,0.02529908,0.024044728059101406,-0.001254351940898596,,,
590,1753394,2020,0.02529908,0.024044728059101406,-0.001254351940898596,,,
591,1760077,2020,0.02529908,0.026553284665406185,0.0012542046654061834,,,
592,1760077,2020,0.02529908,0.026553284665406185,0.0012542046654061834,,,
593,1761055,2020,0.02529908,0.09371999336298065,0.06842091336298065,,,
594,1761055,2020,0.02529908,0.09371999336298065,0.06842091336298065,,,
595,1761673,2020,0.04504829,0.016141301305970135,-0.028906988694029863,,,
596,1761673,2020,0.04504829,0.016141301305970135,-0.028906988694029863,,,
597,1762332,2020,0.04504829,0.01691705961953871,-0.028131230380461288,,,
598,1766436,2020,0.02529908,0.047770310343698164,0.022471230343698162,,,
599,1766436,2020,0.02529908,0.047770310343698164,0.022471230343698162,,,
600,1768447,2020,0.02529908,0.013919582975719491,-0.01137949702428051,,,
601,1768447,2020,0.02529908,0.013919582975719491,-0.01137949702428051,,,
602,1774739,2020,0.02529908,0.019705033884089396,-0.005594046115910606,,,
603,1776030,2020,0.02529908,0.01588412139080697,-0.00941495860919303,,,
604,1779306,2020,0.04504829,0.09925838564131961,0.054210095641319615,,,
605,1782952,2020,0.02529908,0.08643094590510736,0.06113186590510736,,,
606,1783305,2020,0.02529908,0.00542406311637067,-0.01987501688362933,,,
607,1785336,2020,0.02529908,0.07721354521612844,0.05191446521612844,,,
608,1785336,2020,0.02529908,0.07721354521612844,0.05191446521612844,,,
609,1785347,2020,0.02529908,0.06629342648271774,0.04099434648271774,,,
610,1785347,2020,0.02529908,0.06629342648271774,0.04099434648271774,,,
611,1792795,2020,0.04504829,0.021072442362852772,-0.023975847637147225,,,
612,1567101,2021,0.03334479,0.016209094641525867,-0.01713569535847413,0.08846403658390045,0.13548825681209564,0.7760476469993591
613,1571768,2021,0.03334479,0.025103619145183886,-0.008241170854816113,0.13524487614631653,0.0855962485074997,0.779158890247345
614,1571768,2021,0.03334479,0.025103619145183886,-0.008241170854816113,0.1553657501935959,0.12332812696695328,0.7213061451911926
615,1572617,2021,0.03334479,0.0007080765640778974,-0.0326367134359221,0.07540030032396318,0.09834583103656767,0.8262538909912109
616,1572661,2021,0.03334479,0.02633928233264271,-0.007005507667357289,0.11029289662837982,0.04852636903524399,0.8411807417869568
617,1576367,2021,0.03334479,0.06606600947618735,0.03272121947618735,0.11382847279310225,0.09080566465854643,0.7953658103942871
618,1577579,2021,0.03334479,0.00042622064388453396,-0.032918569356115465,0.06830070912837982,0.06849292665719986,0.8632063269615173
619,1577579,2021,0.03334479,0.00042622064388453396,-0.032918569356115465,0.02614016644656658,0.06855927407741548,0.9053005576133728
620,1577579,2021,0.03334479,0.00042622064388453396,-0.032918569356115465,0.04666135087609291,0.07186927646398544,0.8814694285392761
621,1580350,2021,0.03334479,0.010984727724115295,-0.022360062275884704,0.04947933182120323,0.046848855912685394,0.9036718010902404
622,1580353,2021,0.03334479,0.06859501785057454,0.035250227850574536,0.08435195684432982,0.12255805730819702,0.7930899858474731
623,1580353,2021,0.03334479,0.06859501785057454,0.035250227850574536,0.1724272221326828,0.17059242725372314,0.6569803357124329
624,1580353,2021,0.03334479,0.06859501785057454,0.035250227850574536,0.04326900839805603,0.16333240270614624,0.7933985590934753
625,1580843,2021,0.03334479,0.054758052115456035,0.021413262115456036,0.061162717640399926,0.07547355443239212,0.8633636832237244
626,1580843,2021,0.03334479,0.054758052115456035,0.021413262115456036,0.027044937014579773,0.07313238829374312,0.8998227119445801
627,1580956,2021,0.03334479,0.07265582977048268,0.039311039770482684,0.03143344074487686,0.14782290160655975,0.8207436203956604
628,1580956,2021,0.03334479,0.07265582977048268,0.039311039770482684,0.05661974102258682,0.16054172813892365,0.7828385233879089
629,1584433,2021,0.03334479,0.0016430357903782777,-0.03170175420962172,0.10337238758802414,0.15073934197425842,0.7458882927894592
630,1587551,2021,0.02342179,0.04698111111596792,0.02355932111596792,,,
631,1587551,2021,0.02342179,0.04698111111596792,0.02355932111596792,,,
632,1587551,2021,0.02342179,0.04698111111596792,0.02355932111596792,,,
633,1587982,2021,0.02342179,0.0014299197442648737,-0.021991870255735128,,,
634,1589756,2021,0.02342179,0.03752968745207741,0.014107897452077408,,,
635,1591939,2021,0.03334479,0.0390943893762008,0.005749599376200801,,,
636,1592900,2021,0.03334479,0.04167483984088394,0.008330049840883938,,,
637,1592900,2021,0.03334479,0.04167483984088394,0.008330049840883938,,,
638,1592900,2021,0.03334479,0.04167483984088394,0.008330049840883938,,,
639,1592900,2021,0.03334479,0.04167483984088394,0.008330049840883938,,,
640,1593547,2021,0.03334479,0.06868124008107834,0.035336450081078344,,,
641,1593547,2021,0.03334479,0.06868124008107834,0.035336450081078344,,,
642,1593547,2021,0.03334479,0.06868124008107834,0.035336450081078344,,,
643,1594854,2021,0.02342179,0.007501442585112761,-0.01592034741488724,,,
644,1595386,2021,0.03334479,0.11160180607445724,0.07825701607445724,,,
645,1595386,2021,0.03334479,0.11160180607445724,0.07825701607445724,,,
646,1597389,2021,0.02342179,0.02230332700323734,-0.0011184629967626626,,,
647,1597934,2021,0.02342179,0.021460420167120686,-0.001961369832879315,,,
648,1598735,2021,0.03334479,0.035474119583410735,0.0021293295834107356,,,
649,1600600,2021,0.03334479,0.031210923849050998,-0.0021338661509490015,,,
650,1600600,2021,0.03334479,0.031210923849050998,-0.0021338661509490015,,,
651,1602508,2021,0.03334479,0.027697458562243593,-0.005647331437756406,,,
652,1604813,2021,0.03334479,0.05985495372082017,0.02651016372082017,,,
653,1604813,2021,0.03334479,0.05985495372082017,0.02651016372082017,,,
654,1605283,2021,0.03334479,-8.905157600924696e-05,-0.033433841576009246,,,
655,1605283,2021,0.03334479,-8.905157600924696e-05,-0.033433841576009246,,,
656,1605803,2021,0.03334479,0.0626942130643704,0.029349423064370397,,,
657,1605803,2021,0.03334479,0.0626942130643704,0.029349423064370397,,,
658,1605941,2021,0.03334479,0.038095007025047645,0.0047502170250476455,,,
659,1605941,2021,0.03334479,0.038095007025047645,0.0047502170250476455,,,
660,1608530,2021,0.02342179,0.009644337050805474,-0.013777452949194528,,,
661,1612930,2021,0.03334479,0.004081558764623905,-0.029263231235376094,,,
662,1614522,2021,0.03334479,0.000735065103323107,-0.03260972489667689,,,
663,1616668,2021,0.02342179,0.01423252583041612,-0.00918926416958388,,,
664,1616668,2021,0.02342179,0.01423252583041612,-0.00918926416958388,,,
665,1618627,2021,0.03334479,0.03142281804590641,-0.0019219719540935903,,,
666,1618627,2021,0.03334479,0.03142281804590641,-0.0019219719540935903,,,
667,1627853,2021,0.03334479,0.03080654432964569,-0.0025382456703543083,,,
668,1627853,2021,0.03334479,0.03080654432964569,-0.0025382456703543083,,,
669,1633061,2021,0.02342179,0.014695670374337055,-0.008726119625662946,,,
670,1635073,2021,0.02342179,0.014566447434743557,-0.008855342565256445,,,
671,1638872,2021,0.02342179,0.0029089323622215613,-0.02051285763777844,,,
672,1640102,2021,0.03334479,0.035899112756619944,0.002554322756619945,,,
673,1640102,2021,0.03334479,0.035899112756619944,0.002554322756619945,,,
674,1643174,2021,0.03334479,0.04568528605988442,0.012340496059884423,,,
675,1643174,2021,0.03334479,0.04568528605988442,0.012340496059884423,,,
676,1643838,2021,0.03334479,0.08450938827048482,0.05116459827048482,,,
677,1643838,2021,0.03334479,0.08450938827048482,0.05116459827048482,,,
678,1644419,2021,0.03334479,0.059400053343875214,0.026055263343875215,,,
679,1644419,2021,0.03334479,0.059400053343875214,0.026055263343875215,,,
680,1644419,2021,0.03334479,0.059400053343875214,0.026055263343875215,,,
681,1644419,2021,0.03334479,0.059400053343875214,0.026055263343875215,,,
682,1644419,2021,0.03334479,0.059400053343875214,0.026055263343875215,,,
683,1645192,2021,0.03334479,0.059125935199815904,0.025781145199815905,,,
684,1645194,2021,0.02342179,0.005426596914068771,-0.01799519308593123,,,
685,1648403,2021,0.03334479,0.012922173931210867,-0.02042261606878913,,,
686,1648403,2021,0.03334479,0.012922173931210867,-0.02042261606878913,,,
687,1649227,2021,0.03334479,-0.0011868986693961414,-0.03453168866939614,,,
688,1650149,2021,0.03334479,0.11778989862046241,0.08444510862046241,,,
689,1650149,2021,0.03334479,0.11778989862046241,0.08444510862046241,,,
690,1650149,2021,0.03334479,0.11778989862046241,0.08444510862046241,,,
691,1650149,2021,0.03334479,0.11778989862046241,0.08444510862046241,,,
692,1651872,2021,0.03334479,0.02471436998455312,-0.00863042001544688,,,
693,1651872,2021,0.03334479,0.02471436998455312,-0.00863042001544688,,,
694,1652200,2021,0.03334479,0.012514618896058094,-0.020830171103941905,,,
695,1652200,2021,0.03334479,0.012514618896058094,-0.020830171103941905,,,
696,1653463,2021,0.03334479,0.034950844583500285,0.0016060545835002854,,,
697,1653463,2021,0.03334479,0.034950844583500285,0.0016060545835002854,,,
698,1655146,2021,0.03334479,0.006381868811020874,-0.026962921188979125,,,
699,1655146,2021,0.03334479,0.006381868811020874,-0.026962921188979125,,,
700,1655589,2021,0.03334479,0.03107390888910344,-0.002270881110896558,,,
701,1657201,2021,0.03334479,0.019046878608956597,-0.014297911391043402,,,
702,1657201,2021,0.03334479,0.019046878608956597,-0.014297911391043402,,,
703,1659326,2021,0.02342179,0.00835637548740098,-0.015065414512599021,,,
704,1660765,2021,0.03334479,0.024912618851197,-0.008432171148803,,,
705,1660935,2021,0.03334479,0.012840694010495035,-0.020504095989504964,,,
706,1660935,2021,0.03334479,0.012840694010495035,-0.020504095989504964,,,
707,1661813,2021,0.03334479,0.044394321123531144,0.011049531123531145,,,
708,1667919,2021,0.03334479,0.028277354269203636,-0.005067435730796363,,,
709,1667919,2021,0.03334479,0.028277354269203636,-0.005067435730796363,,,
710,1668512,2021,0.03334479,0.045388848637765156,0.012044058637765157,,,
711,1668512,2021,0.03334479,0.045388848637765156,0.012044058637765157,,,
712,1669626,2021,0.02342179,0.006971716581755105,-0.016450073418244896,,,
713,1670310,2021,0.03334479,0.006866849669034725,-0.026477940330965274,,,
714,1670310,2021,0.03334479,0.006866849669034725,-0.026477940330965274,,,
715,1672826,2021,0.03334479,0.057254798998347844,0.023910008998347845,,,
716,1672826,2021,0.03334479,0.057254798998347844,0.023910008998347845,,,
717,1673996,2021,0.03334479,0.03860153490951945,0.0052567449095194535,,,
718,1673996,2021,0.03334479,0.03860153490951945,0.0052567449095194535,,,
719,1680255,2021,0.03334479,0.02885574085927667,-0.004489049140723331,,,
720,1680255,2021,0.03334479,0.02885574085927667,-0.004489049140723331,,,
721,1681576,2021,0.03334479,0.00696217659371734,-0.02638261340628266,,,
722,1681576,2021,0.03334479,0.00696217659371734,-0.02638261340628266,,,
723,1688680,2021,0.03334479,0.026321796961894073,-0.007022993038105926,,,
724,1688680,2021,0.03334479,0.026321796961894073,-0.007022993038105926,,,
725,1691167,2021,0.03334479,0.006249092417463187,-0.027095697582536812,,,
726,1691167,2021,0.03334479,0.006249092417463187,-0.027095697582536812,,,
727,1691994,2021,0.03334479,0.06840499265144695,0.03506020265144695,,,
728,1691994,2021,0.03334479,0.06840499265144695,0.03506020265144695,,,
729,1696729,2021,0.03334479,0.03734492692669211,0.004000136926692113,,,
730,1696729,2021,0.03334479,0.03734492692669211,0.004000136926692113,,,
731,1697268,2021,0.03334479,0.03521774638896802,0.0018729563889680195,,,
732,1697268,2021,0.03334479,0.03521774638896802,0.0018729563889680195,,,
733,1699360,2021,0.03334479,0.02222036673805694,-0.011124423261943059,,,
734,1699360,2021,0.03334479,0.02222036673805694,-0.011124423261943059,,,
735,1699360,2021,0.03334479,0.02222036673805694,-0.011124423261943059,,,
736,1707560,2021,0.03334479,0.030432444116912816,-0.0029123458830871835,,,
737,1707560,2021,0.03334479,0.030432444116912816,-0.0029123458830871835,,,
738,1707770,2021,0.03334479,-0.015539323900792379,-0.04888411390079238,,,
739,1707770,2021,0.03334479,-0.015539323900792379,-0.04888411390079238,,,
740,1710607,2021,0.03334479,0.034673004823901454,0.0013282148239014552,,,
741,1710607,2021,0.03334479,0.034673004823901454,0.0013282148239014552,,,
742,1716909,2021,0.03334479,-0.008512236620226599,-0.0418570266202266,,,
743,1716909,2021,0.03334479,-0.008512236620226599,-0.0418570266202266,,,
744,1719812,2021,0.03334479,0.05352641469307318,0.020181624693073177,,,
745,1719812,2021,0.03334479,0.05352641469307318,0.020181624693073177,,,
746,1719812,2021,0.03334479,0.05352641469307318,0.020181624693073177,,,
747,1719812,2021,0.03334479,0.05352641469307318,0.020181624693073177,,,
748,1719812,2021,0.03334479,0.05352641469307318,0.020181624693073177,,,
749,1722388,2021,0.03334479,0.047119007649275346,0.013774217649275347,,,
750,1722388,2021,0.03334479,0.047119007649275346,0.013774217649275347,,,
751,1722478,2021,0.03334479,0.010459858284187051,-0.022884931715812948,,,
752,1727074,2021,0.03334479,0.01673891261489957,-0.01660587738510043,,,
753,1727074,2021,0.03334479,0.01673891261489957,-0.01660587738510043,,,
754,1727398,2021,0.02342179,0.03500060891135348,0.01157881891135348,,,
755,1728683,2021,0.03334479,-0.09001530248306877,-0.12336009248306877,,,
756,1728683,2021,0.03334479,-0.09001530248306877,-0.12336009248306877,,,
757,1728683,2021,0.03334479,-0.09001530248306877,-0.12336009248306877,,,
758,1728683,2021,0.03334479,-0.09001530248306877,-0.12336009248306877,,,
759,1728683,2021,0.03334479,-0.09001530248306877,-0.12336009248306877,,,
760,1728860,2021,0.03334479,0.04802150271080663,0.01467671271080663,,,
761,1728860,2021,0.03334479,0.04802150271080663,0.01467671271080663,,,
762,1736078,2021,0.03334479,0.023839346124329364,-0.009505443875670636,,,
763,1738072,2021,0.03334479,0.014601781154706783,-0.018743008845293216,,,
764,1738072,2021,0.03334479,0.014601781154706783,-0.018743008845293216,,,
765,1738074,2021,0.03334479,0.013809477157273209,-0.01953531284272679,,,
766,1738074,2021,0.03334479,0.013809477157273209,-0.01953531284272679,,,
767,1738078,2021,0.03334479,0.014638182169997238,-0.01870660783000276,,,
768,1738078,2021,0.03334479,0.014638182169997238,-0.01870660783000276,,,
769,1738078,2021,0.03334479,0.014638182169997238,-0.01870660783000276,,,
770,1738079,2021,0.03334479,0.0026140084674599606,-0.03073078153254004,,,
771,1738079,2021,0.03334479,0.0026140084674599606,-0.03073078153254004,,,
772,1738080,2021,0.03334479,0.004731204784464538,-0.02861358521553546,,,
773,1738080,2021,0.03334479,0.004731204784464538,-0.02861358521553546,,,
774,1742912,2021,0.03334479,0.07949816571844992,0.04615337571844992,,,
775,1742912,2021,0.03334479,0.07949816571844992,0.04615337571844992,,,
776,1742912,2021,0.03334479,0.07949816571844992,0.04615337571844992,,,
777,1742912,2021,0.03334479,0.07949816571844992,0.04615337571844992,,,
778,1747688,2021,0.02342179,0.008490913977255987,-0.014930876022744014,,,
779,1747688,2021,0.02342179,0.008490913977255987,-0.014930876022744014,,,
780,1748197,2021,0.03334479,0.03317223556363347,-0.00017255443636653156,,,
781,1750821,2021,0.03334479,0.07937796355363513,0.046033173553635134,,,
782,1750821,2021,0.03334479,0.07937796355363513,0.046033173553635134,,,
783,1750821,2021,0.03334479,0.07937796355363513,0.046033173553635134,,,
784,1750821,2021,0.03334479,0.07937796355363513,0.046033173553635134,,,
785,1753394,2021,0.03334479,0.008293585114459878,-0.02505120488554012,,,
786,1753394,2021,0.03334479,0.008293585114459878,-0.02505120488554012,,,
787,1755351,2021,0.03334479,0.03814404855223619,0.004799258552236188,,,
788,1755351,2021,0.03334479,0.03814404855223619,0.004799258552236188,,,
789,1760077,2021,0.03334479,0.02382909391671828,-0.009515696083281719,,,
790,1760077,2021,0.03334479,0.02382909391671828,-0.009515696083281719,,,
791,1760567,2021,0.02342179,0.043442622950819576,0.020020832950819575,,,
792,1761055,2021,0.03334479,0.016931431018687437,-0.016413358981312562,,,
793,1761511,2021,0.02342179,1.1299999999936361e-05,-0.023410490000000065,,,
794,1761673,2021,0.03334479,0.02428193971902659,-0.009062850280973409,,,
795,1761673,2021,0.03334479,0.02428193971902659,-0.009062850280973409,,,
796,1762332,2021,0.03334479,0.028068463095074936,-0.005276326904925063,,,
797,1762332,2021,0.03334479,0.028068463095074936,-0.005276326904925063,,,
798,1764795,2021,0.02342179,0.019606734255181113,-0.0038150557448188883,,,
799,1766436,2021,0.03334479,0.04313753612832638,0.009792746128326382,,,
800,1766436,2021,0.03334479,0.04313753612832638,0.009792746128326382,,,
801,1768447,2021,0.03334479,0.02324741335142244,-0.010097376648577558,,,
802,1768447,2021,0.03334479,0.02324741335142244,-0.010097376648577558,,,
803,1771146,2021,0.02342179,0.02344800876114017,2.6218761140169716e-05,,,
804,1774739,2021,0.03334479,0.07205980485608388,0.038715014856083876,,,
805,1774739,2021,0.03334479,0.07205980485608388,0.038715014856083876,,,
806,1776030,2021,0.03334479,0.03568648082359305,0.0023416908235930484,,,
807,1776030,2021,0.03334479,0.03568648082359305,0.0023416908235930484,,,
808,1779306,2021,0.03334479,0.008862931645243322,-0.024481858354756678,,,
809,1783305,2021,0.03334479,-0.0013829356100512058,-0.034727725610051205,,,
810,1783305,2021,0.03334479,-0.0013829356100512058,-0.034727725610051205,,,
811,1783305,2021,0.03334479,-0.0013829356100512058,-0.034727725610051205,,,
812,1785243,2021,0.02342179,0.01054200095106883,-0.01287978904893117,,,
813,1785336,2021,0.03334479,0.029959765501791136,-0.0033850244982088634,,,
814,1785336,2021,0.03334479,0.029959765501791136,-0.0033850244982088634,,,
815,1785347,2021,0.03334479,0.05307220823312764,0.01972741823312764,,,
816,1785347,2021,0.03334479,0.05307220823312764,0.01972741823312764,,,
817,1791032,2021,0.03334479,0.007055227635905714,-0.026289562364094285,,,
818,1791032,2021,0.03334479,0.007055227635905714,-0.026289562364094285,,,
819,1792795,2021,0.03334479,0.051130366091450385,0.017785576091450386,,,
820,1792795,2021,0.03334479,0.051130366091450385,0.017785576091450386,,,
821,1795351,2021,0.03334479,0.17114663655782003,0.13780184655782002,,,
822,1795351,2021,0.03334479,0.17114663655782003,0.13780184655782002,,,
823,1795351,2021,0.03334479,0.17114663655782003,0.13780184655782002,,,
824,1795351,2021,0.03334479,0.17114663655782003,0.13780184655782002,,,
825,1795351,2021,0.03334479,0.17114663655782003,0.13780184655782002,,,
826,1795351,2021,0.03334479,0.17114663655782003,0.13780184655782002,,,
827,1795351,2021,0.03334479,0.17114663655782003,0.13780184655782002,,,
828,1796383,2021,0.03334479,0.020355267021822332,-0.012989522978177667,,,
829,1796383,2021,0.03334479,0.020355267021822332,-0.012989522978177667,,,
830,1804196,2021,0.03334479,0.0020075741989828977,-0.0313372158010171,,,
831,1806095,2021,0.03334479,0.1004386773630579,0.0670938873630579,,,
832,1806095,2021,0.03334479,0.1004386773630579,0.0670938873630579,,,
833,1806095,2021,0.03334479,0.1004386773630579,0.0670938873630579,,,
834,1807486,2021,0.03334479,0.03641849970844313,0.0030737097084431314,,,
835,1807486,2021,0.03334479,0.03641849970844313,0.0030737097084431314,,,
836,1810747,2021,0.03334479,0.042910035908465094,0.009565245908465095,,,
837,1810747,2021,0.03334479,0.042910035908465094,0.009565245908465095,,,
838,1811168,2021,0.03334479,0.06494863882231572,0.03160384882231572,,,
839,1811168,2021,0.03334479,0.06494863882231572,0.03160384882231572,,,
840,1815493,2021,0.03334479,0.03908013112886244,0.0057353411288624395,,,
841,1815493,2021,0.03334479,0.03908013112886244,0.0057353411288624395,,,
842,1815558,2021,0.03334479,0.03632480631122892,0.0029800163112289196,,,
843,1815558,2021,0.03334479,0.03632480631122892,0.0029800163112289196,,,
844,1816125,2021,0.02342179,-0.002235951615925269,-0.02565774161592527,,,
845,1821080,2021,0.02342179,0.009195411675554155,-0.014226378324445847,,,
846,1821505,2021,0.03334479,0.019587136311811415,-0.013757653688188584,,,
847,1829774,2021,0.03334479,0.03008911644230028,-0.0032556735576997203,,,
848,1829774,2021,0.03334479,0.03008911644230028,-0.0032556735576997203,,,
849,1830437,2021,0.03334479,0.038227072813056706,0.004882282813056707,,,
850,1831313,2021,0.03334479,0.03959776180207131,0.006252971802071308,,,
851,1833032,2021,0.02342179,0.027075581613861033,0.0036537916138610314,,,
852,1845809,2021,0.03334479,0.054648090751447054,0.021303300751447055,,,
853,1845809,2021,0.03334479,0.054648090751447054,0.021303300751447055,,,
854,1845809,2021,0.03334479,0.054648090751447054,0.021303300751447055,,,
855,1845809,2021,0.03334479,0.054648090751447054,0.021303300751447055,,,
856,1860434,2021,0.03334479,0.016157807435825955,-0.017186982564174044,,,
857,1567138,2014,0.0279905,0.02665849529026465,-0.0013320047097353516,0.2066878080368042,0.05706950649619104,0.7362427711486816
858,1567138,2014,0.0279905,0.02665849529026465,-0.0013320047097353516,0.2518037557601929,0.05708484724164009,0.6911114454269409
859,1570384,2014,0.0279905,0.05420133322771048,0.02621083322771048,0.0612511970102787,0.0989302322268486,0.8398185968399048
860,1570384,2014,0.0279905,0.05420133322771048,0.02621083322771048,0.039467375725507736,0.11200223863124847,0.8485304117202759
861,1571768,2014,0.0279905,0.013654986898173682,-0.01433551310182632,0.17621074616909027,0.14078418910503387,0.6830050349235535
862,1573386,2014,0.0279905,0.01840942922267752,-0.009581070777322481,0.02121488936245441,0.0768854171037674,0.9018996953964232
863,1577111,2014,-0.003662216,-0.018710861111111088,-0.015048645111111088,0.05586021766066551,0.1180313155055046,0.8261085152626038
864,1580353,2014,0.0279905,0.013829310857402799,-0.014161189142597203,0.11263376474380493,0.1465027928352356,0.7408633828163147
865,1580956,2014,0.0279905,0.08750002767742138,0.059509527677421376,0.1042625829577446,0.04769403487443924,0.8480433821678162
866,1581466,2014,0.0279905,0.03543742933986738,0.007446929339867375,0.022972751408815384,0.04551176354289055,0.9315155148506165
867,1582739,2014,0.0279905,-0.0004700437815072789,-0.02846054378150728,0.08233850449323654,0.09157118201255797,0.8260903358459473
868,1584986,2014,0.0279905,0.006607811305059386,-0.021382688694940616,0.03080235607922077,0.06936825066804886,0.8998294472694397
869,1586281,2014,0.0279905,0.0403370710655544,0.012346571065554396,0.16004353761672974,0.16179659962654114,0.6781598925590515
870,1586281,2014,0.0279905,0.0403370710655544,0.012346571065554396,0.197942927479744,0.06660836189985275,0.7354487180709839
871,1587551,2014,-0.003662216,-0.0024453960409455133,0.0012168199590544865,,,
872,1589161,2014,0.0279905,0.024295432458697697,-0.003695067541302305,,,
873,1591167,2014,0.0279905,-0.0038591422390843455,-0.03184964223908435,,,
874,1598735,2014,0.0279905,0.008252735506141473,-0.01973776449385853,,,
875,1600215,2014,0.0279905,0.016730169690766905,-0.011260330309233096,,,
876,1600584,2014,-0.003662216,-0.03529046259021951,-0.031628246590219504,,,
877,1602508,2014,-0.003662216,-0.005851809929706464,-0.0021895939297064643,,,
878,1567138,2015,-0.01923786,-0.006371091155834119,0.01286676884416588,0.0318031869828701,0.06358133256435394,0.9046154022216796
879,1570384,2015,-0.01923786,-0.02749346533221919,-0.008255605332219192,0.052646126598119736,0.134840726852417,0.8125131130218506
880,1570384,2015,-0.01923786,-0.02749346533221919,-0.008255605332219192,0.043786440044641495,0.11649039387702942,0.8397231698036194
881,1570384,2015,-0.01923786,-0.02749346533221919,-0.008255605332219192,0.06463011354207993,0.10603136569261552,0.8293385505676271
882,1572617,2015,-0.02222741,-0.0001036302870087713,0.022123779712991228,0.0841701552271843,0.11288472265005113,0.8029450774192809
883,1573386,2015,-0.01923786,-0.03250679713777915,-0.013268937137779154,0.030948052182793617,0.1228141039609909,0.84623783826828
884,1573386,2015,-0.01923786,-0.03250679713777915,-0.013268937137779154,0.021823691204190254,0.06852532178163527,0.9096509218215942
885,1573496,2015,-0.02222741,-0.004645447961268312,0.017581962038731688,0.05193430557847023,0.10261975973844527,0.8454458713531494
886,1576367,2015,-0.01923786,-0.03345285282074262,-0.014214992820742619,0.02611328288912773,0.04481331631541252,0.9290733933448792
887,1576367,2015,-0.01923786,-0.03345285282074262,-0.014214992820742619,0.061843488365411765,0.1361578106880188,0.8019986748695374
888,1577111,2015,-0.01923786,-0.027430560306105245,-0.008192700306105246,0.06439980119466783,0.11518508940935135,0.8204151391983032
889,1577111,2015,-0.01923786,-0.027430560306105245,-0.008192700306105246,0.044034913182258606,0.1028272733092308,0.8531378507614136
890,1577579,2015,-0.02222741,-0.013563930278243319,0.00866347972175668,0.054744403809309006,0.05174946039915085,0.8935061097145081
891,1580350,2015,-0.01923786,-0.009751176492311497,0.009486683507688502,0.042410802096128464,0.05537403747439385,0.9022151827812196
892,1580641,2015,-0.01923786,-0.027754349790391264,-0.008516489790391265,0.13302278518676758,0.13470834493637085,0.7322688698768616
893,1580641,2015,-0.01923786,-0.027754349790391264,-0.008516489790391265,0.029493855312466618,0.05054953694343567,0.9199565649032592
894,1580956,2015,-0.01923786,-0.049227813440450574,-0.029989953440450575,0.06783533841371536,0.10881755501031876,0.8233470916748047
895,1581466,2015,-0.01923786,-0.03731600455708051,-0.018078144557080508,0.13276711106300354,0.09398774057626724,0.773245096206665
896,1581466,2015,-0.01923786,-0.03731600455708051,-0.018078144557080508,0.026185492053627968,0.042056266218423836,0.9317582249641418
897,1582739,2015,-0.01923786,-0.04446192350651612,-0.025224063506516122,0.09234821796417236,0.09085772931575777,0.8167940378189087
898,1582739,2015,-0.01923786,-0.04446192350651612,-0.025224063506516122,0.035505883395671844,0.12157583236694335,0.8429182767868042
899,1584433,2015,-0.01923786,-0.06117213950895717,-0.04193427950895717,0.15921007096767426,0.11355603486299515,0.72723388671875
900,1584433,2015,-0.01923786,-0.06117213950895717,-0.04193427950895717,0.07881807535886765,0.19951485097408292,0.7216671109199524
901,1584986,2015,-0.01923786,-0.07055074936076822,-0.05131288936076822,0.04665227234363556,0.12259162217378615,0.8307560682296753
902,1584986,2015,-0.01923786,-0.07055074936076822,-0.05131288936076822,0.03666703402996063,0.057163555175066,0.9061693549156188
903,1586281,2015,-0.01923786,0.0,0.01923786,0.2251650094985962,0.11612629145383835,0.6587086915969849
904,1587982,2015,-0.02222741,-0.006606279693470274,0.015621130306529726,,,
905,1589025,2015,-0.02222741,0.0010090817356205317,0.02323649173562053,,,
906,1589161,2015,-0.01923786,-0.039194640459967456,-0.019956780459967457,,,
907,1589161,2015,-0.01923786,-0.039194640459967456,-0.019956780459967457,,,
908,1589756,2015,-0.02222741,-0.03004887636294351,-0.007821466362943511,,,
909,1591167,2015,-0.01923786,-0.028451341974174316,-0.009213481974174317,,,
910,1591167,2015,-0.01923786,-0.028451341974174316,-0.009213481974174317,,,
911,1591556,2015,-0.01923786,-0.02968465586910729,-0.010446795869107291,,,
912,1591556,2015,-0.01923786,-0.02968465586910729,-0.010446795869107291,,,
913,1591939,2015,-0.01923786,-0.034386904042626565,-0.015149044042626566,,,
914,1591939,2015,-0.01923786,-0.034386904042626565,-0.015149044042626566,,,
915,1592106,2015,-0.01923786,-0.01059219152056634,0.008645668479433658,,,
916,1595386,2015,-0.02222741,-0.059414652499226284,-0.03718724249922628,,,
917,1597934,2015,-0.01923786,-0.026007629442501567,-0.0067697694425015685,,,
918,1598735,2015,-0.01923786,-0.030309309996266354,-0.011071449996266355,,,
919,1598735,2015,-0.01923786,-0.030309309996266354,-0.011071449996266355,,,
920,1600215,2015,-0.01923786,-0.0350586871173435,-0.015820827117343502,,,
921,1600215,2015,-0.01923786,-0.0350586871173435,-0.015820827117343502,,,
922,1600584,2015,-0.01923786,-0.0033018833205692433,0.015935976679430756,,,
923,1600584,2015,-0.01923786,-0.0033018833205692433,0.015935976679430756,,,
924,1600600,2015,-0.02222741,-0.01758330031919253,0.00464410968080747,,,
925,1602508,2015,-0.01923786,-0.015091839083759107,0.0041460209162408924,,,
926,1604813,2015,-0.02222741,-0.018281208922239167,0.003946201077760832,,,
927,1605803,2015,-0.01923786,-0.037033787941026075,-0.017795927941026076,,,
928,1605803,2015,-0.01923786,-0.037033787941026075,-0.017795927941026076,,,
929,1605941,2015,-0.02222741,-0.04147015799299525,-0.01924274799299525,,,
930,1605941,2015,-0.02222741,-0.04147015799299525,-0.01924274799299525,,,
931,1607673,2015,-0.01923786,-0.016393442622950838,0.002844417377049161,,,
932,1612930,2015,-0.01923786,-0.014342534783934657,0.004895325216065342,,,
933,1612930,2015,-0.01923786,-0.014342534783934657,0.004895325216065342,,,
934,1614370,2015,-0.02222741,-0.03468758287643636,-0.012460172876436363,,,
935,1617113,2015,-0.02222741,0.024890325288168702,0.047117735288168705,,,
936,1617762,2015,-0.01923786,-0.036101639778996386,-0.016863779778996387,,,
937,1617762,2015,-0.01923786,-0.036101639778996386,-0.016863779778996387,,,
938,1618737,2015,-0.01923786,-0.014639245463228368,0.0045986145367716315,,,
939,1621877,2015,-0.01923786,-0.03569752163472428,-0.016459661634724284,,,
940,1627853,2015,-0.01923786,-0.01601627996556476,0.0032215800344352376,,,
941,1640102,2015,-0.02222741,-0.010983607923880867,0.011243802076119132,,,
942,1640924,2015,-0.02222741,-0.032571615783163144,-0.010344205783163144,,,
943,1567138,2018,-0.08989003,-0.13678065054211852,-0.046890620542118525,0.037162452936172485,0.05923501402139664,0.9036026000976562
944,1570384,2018,-0.08989003,-0.11256452270575756,-0.022674492705757568,0.08890286833047867,0.06975968182086945,0.8413375020027161
945,1570384,2018,-0.08989003,-0.11256452270575756,-0.022674492705757568,0.05737695097923279,0.08449539542198181,0.8581275939941406
946,1571768,2018,0.005365018,-0.004713316491569586,-0.010078334491569585,0.14549463987350464,0.10222978889942168,0.7522755861282349
947,1572661,2018,-0.08989003,-0.07251375558466844,0.017376274415331558,0.08386538177728653,0.04017443209886551,0.875960111618042
948,1572661,2018,-0.08989003,-0.07251375558466844,0.017376274415331558,0.037360742688179016,0.04183453693985939,0.9208046793937684
949,1573035,2018,-0.08989003,-0.09818346336040318,-0.008293433360403182,0.04960018768906593,0.09907928109169006,0.8513205647468567
950,1573035,2018,-0.08989003,-0.09818346336040318,-0.008293433360403182,0.024742355570197102,0.04564543440937996,0.929612159729004
951,1573099,2018,-0.08989003,-0.09486342273893666,-0.004973392738936669,0.08497593551874161,0.10008134692907332,0.8149427175521851
952,1573099,2018,-0.08989003,-0.09486342273893666,-0.004973392738936669,0.028769858181476593,0.040858015418052666,0.93037211894989
953,1573386,2018,-0.08989003,-0.05114645718240762,0.03874357281759237,0.04630273580551148,0.09221558272838593,0.861481785774231
954,1573496,2018,-0.08989003,-0.04391023605031974,0.045979793949680256,0.15848401188850406,0.09377941489219667,0.7477366328239441
955,1573496,2018,-0.08989003,-0.04391023605031974,0.045979793949680256,0.022653449326753616,0.05810144171118736,0.9192451238632202
956,1576367,2018,-0.08989003,-0.09199737815787745,-0.002107348157877456,0.048001870512962334,0.091739222407341,0.8602588772773743
957,1577111,2018,-0.08989003,-0.03339500148467067,0.056495028515329324,0.058609809726476676,0.07231075316667558,0.8690794706344604
958,1577111,2018,-0.08989003,-0.03339500148467067,0.056495028515329324,0.034389447420835495,0.05892449244856834,0.9066860675811768
959,1577579,2018,0.005365018,-0.004189093108844522,-0.00955411110884452,0.04494186118245125,0.06271398812532425,0.8923441767692566
960,1580353,2018,0.005365018,-8.45997005181065e-05,-0.0054496177005181065,0.17417138814926147,0.26304399967193604,0.5627846121788025
961,1580641,2018,-0.08989003,-0.03141892756096876,0.05847110243903124,0.3184344470500946,0.13828307390213013,0.5432824492454529
962,1580641,2018,-0.08989003,-0.03141892756096876,0.05847110243903124,0.02608613669872284,0.13191989064216614,0.8419938683509827
963,1580956,2018,0.005365018,0.014883716917395873,0.009518698917395874,0.03482192009687424,0.1808621734380722,0.7843159437179565
964,1584433,2018,-0.08989003,-0.06639992049559051,0.02349010950440948,0.09767681360244752,0.15270692110061646,0.7496162056922913
965,1584433,2018,-0.08989003,-0.06639992049559051,0.02349010950440948,0.10474133491516112,0.16118162870407104,0.7340770959854126
966,1584986,2018,-0.08989003,0.02487439052387086,0.11476442052387086,0.027838276699185368,0.0876472219824791,0.8845144510269165
967,1584986,2018,-0.08989003,0.02487439052387086,0.11476442052387086,0.029464812949299805,0.059687115252017975,0.9108481407165528
968,1586281,2018,-0.08989003,-0.1190827679782902,-0.02919273797829021,0.16391968727111814,0.126705139875412,0.7093752026557922
969,1586281,2018,-0.08989003,-0.1190827679782902,-0.02919273797829021,0.2045658975839615,0.07158724963665009,0.7238468527793884
970,1587551,2018,-0.08989003,-0.0764640455115192,0.0134259844884808,,,
971,1587551,2018,-0.08989003,-0.0764640455115192,0.0134259844884808,,,
972,1587982,2018,-0.08989003,-0.09603603492718416,-0.006146004927184159,,,
973,1587982,2018,-0.08989003,-0.09603603492718416,-0.006146004927184159,,,
974,1587982,2018,-0.08989003,-0.09603603492718416,-0.006146004927184159,,,
975,1589161,2018,-0.08989003,-0.0766871684028746,0.013202861597125401,,,
976,1589756,2018,0.005365018,0.001574963492141146,-0.003790054507858854,,,
977,1591556,2018,-0.08989003,-0.029901349629736673,0.05998868037026332,,,
978,1591556,2018,-0.08989003,-0.029901349629736673,0.05998868037026332,,,
979,1591939,2018,-0.08989003,-0.04611809826681745,0.04377193173318254,,,
980,1592106,2018,-0.08989003,-0.019651303159522238,0.07023872684047776,,,
981,1592106,2018,-0.08989003,-0.019651303159522238,0.07023872684047776,,,
982,1593547,2018,0.005365018,-0.006863471284494382,-0.012228489284494382,,,
983,1594854,2018,-0.08989003,-0.07917301485844241,0.010717015141557582,,,
984,1594854,2018,-0.08989003,-0.07917301485844241,0.010717015141557582,,,
985,1594854,2018,-0.08989003,-0.07917301485844241,0.010717015141557582,,,
986,1597389,2018,-0.08989003,-0.09687237933409287,-0.006982349334092877,,,
987,1597389,2018,-0.08989003,-0.09687237933409287,-0.006982349334092877,,,
988,1597934,2018,0.005365018,-0.017140250112405164,-0.022505268112405163,,,
989,1598735,2018,-0.08989003,-0.07979029298237472,0.010099737017625274,,,
990,1600584,2018,-0.08989003,-0.0783748973333217,0.011515132666678293,,,
991,1600584,2018,-0.08989003,-0.0783748973333217,0.011515132666678293,,,
992,1600600,2018,-0.08989003,-0.020572339605026246,0.06931769039497375,,,
993,1600600,2018,-0.08989003,-0.020572339605026246,0.06931769039497375,,,
994,1602508,2018,-0.08989003,-0.04526158210535147,0.044628447894648524,,,
995,1602508,2018,-0.08989003,-0.04526158210535147,0.044628447894648524,,,
996,1604813,2018,-0.08989003,-0.06920160745372672,0.020688422546273275,,,
997,1605283,2018,-0.08989003,0.0016870550000001039,0.0915770850000001,,,
998,1605803,2018,-0.08989003,-0.07015648663418317,0.019733543365816827,,,
999,1605803,2018,-0.08989003,-0.07015648663418317,0.019733543365816827,,,
1000,1608530,2018,-0.08989003,0.009038316411119629,0.09892834641111962,,,
1001,1608530,2018,-0.08989003,0.009038316411119629,0.09892834641111962,,,
1002,1612930,2018,0.005365018,0.00030187231046574503,-0.005063145689534255,,,
1003,1614370,2018,-0.08989003,-0.09631946785074796,-0.006429437850747968,,,
1004,1614522,2018,-0.08989003,-0.02901733954971586,0.060872690450284136,,,
1005,1614522,2018,-0.08989003,-0.02901733954971586,0.060872690450284136,,,
1006,1614522,2018,-0.08989003,-0.02901733954971586,0.060872690450284136,,,
1007,1616668,2018,-0.08989003,-0.056340223537077905,0.03354980646292209,,,
1008,1617113,2018,-0.08989003,-0.11705811266639154,-0.02716808266639155,,,
1009,1617113,2018,-0.08989003,-0.11705811266639154,-0.02716808266639155,,,
1010,1617762,2018,-0.08989003,-0.04327225301648363,0.046617776983516365,,,
1011,1617762,2018,-0.08989003,-0.04327225301648363,0.046617776983516365,,,
1012,1618627,2018,-0.08989003,-0.05334099533309433,0.036549034666905664,,,
1013,1618627,2018,-0.08989003,-0.05334099533309433,0.036549034666905664,,,
1014,1618737,2018,0.005365018,0.001122135000000135,-0.004242882999999865,,,
1015,1633061,2018,-0.08989003,-0.06652145996896852,0.023368570031031474,,,
1016,1635073,2018,-0.08989003,-0.10486373036017715,-0.014973700360177158,,,
1017,1635073,2018,-0.08989003,-0.10486373036017715,-0.014973700360177158,,,
1018,1635073,2018,-0.08989003,-0.10486373036017715,-0.014973700360177158,,,
1019,1635295,2018,-0.08989003,-0.009133821256524954,0.08075620874347504,,,
1020,1635295,2018,-0.08989003,-0.009133821256524954,0.08075620874347504,,,
1021,1638024,2018,0.005365018,-0.009337884997575041,-0.01470290299757504,,,
1022,1638872,2018,-0.08989003,-0.06409999671016342,0.025790033289836575,,,
1023,1638872,2018,-0.08989003,-0.06409999671016342,0.025790033289836575,,,
1024,1640102,2018,-0.08989003,-0.027206037660555626,0.06268399233944437,,,
1025,1640102,2018,-0.08989003,-0.027206037660555626,0.06268399233944437,,,
1026,1640924,2018,-0.08989003,-0.06702818208052996,0.022861847919470032,,,
1027,1640924,2018,-0.08989003,-0.06702818208052996,0.022861847919470032,,,
1028,1642227,2018,-0.08989003,-0.15152458242580824,-0.061634552425808245,,,
1029,1642227,2018,-0.08989003,-0.15152458242580824,-0.061634552425808245,,,
1030,1643838,2018,-0.08989003,-0.09706987458770533,-0.0071798445877053335,,,
1031,1644419,2018,-0.08989003,-0.049479024900795476,0.04041100509920452,,,
1032,1645192,2018,-0.08989003,-0.24850854462482685,-0.15861851462482685,,,
1033,1645192,2018,-0.08989003,-0.24850854462482685,-0.15861851462482685,,,
1034,1648403,2018,-0.08989003,-0.024337898137109515,0.06555213186289048,,,
1035,1649227,2018,-0.08989003,0.013261802575107229,0.10315183257510722,,,
1036,1650149,2018,0.005365018,0.007086156289911827,0.0017211382899118268,,,
1037,1651634,2018,-0.08989003,-0.10840073178222143,-0.01851070178222143,,,
1038,1651634,2018,-0.08989003,-0.10840073178222143,-0.01851070178222143,,,
1039,1651872,2018,0.005365018,-0.0363641107001319,-0.0417291287001319,,,
1040,1651872,2018,0.005365018,-0.0363641107001319,-0.0417291287001319,,,
1041,1652200,2018,0.005365018,0.000985571681059172,-0.004379446318940828,,,
1042,1653463,2018,-0.08989003,-0.09147594116820179,-0.0015859111682017951,,,
1043,1653463,2018,-0.08989003,-0.09147594116820179,-0.0015859111682017951,,,
1044,1655146,2018,-0.08989003,0.008058018311443593,0.09794804831144359,,,
1045,1655146,2018,-0.08989003,0.008058018311443593,0.09794804831144359,,,
1046,1655589,2018,-0.08989003,-0.04399044424787235,0.045899585752127645,,,
1047,1655589,2018,-0.08989003,-0.04399044424787235,0.045899585752127645,,,
1048,1656558,2018,0.005365018,0.03516899383188998,0.029803975831889984,,,
1049,1656558,2018,0.005365018,0.03516899383188998,0.029803975831889984,,,
1050,1657201,2018,-0.08989003,-0.01815623012621226,0.07173379987378774,,,
1051,1657267,2018,-0.08989003,-0.08663394201108854,0.0032560879889114575,,,
1052,1657267,2018,-0.08989003,-0.08663394201108854,0.0032560879889114575,,,
1053,1659326,2018,0.005365018,-0.0010026356280239401,-0.00636765362802394,,,
1054,1660765,2018,-0.08989003,-0.021170395275369236,0.06871963472463076,,,
1055,1660765,2018,-0.08989003,-0.021170395275369236,0.06871963472463076,,,
1056,1660935,2018,-0.08989003,-0.008453363316890616,0.08143666668310938,,,
1057,1660935,2018,-0.08989003,-0.008453363316890616,0.08143666668310938,,,
1058,1661813,2018,-0.08989003,-0.06834588068527347,0.02154414931472652,,,
1059,1663503,2018,-0.08989003,-0.05082678122574413,0.03906324877425586,,,
1060,1665789,2018,-0.08989003,-0.006342628388151361,0.08354740161184863,,,
1061,1665789,2018,-0.08989003,-0.006342628388151361,0.08354740161184863,,,
1062,1667919,2018,-0.08989003,-0.04186638158863831,0.04802364841136168,,,
1063,1668512,2018,-0.08989003,-0.07609029415115476,0.013799735848845238,,,
1064,1668512,2018,-0.08989003,-0.07609029415115476,0.013799735848845238,,,
1065,1669626,2018,-0.08989003,-0.03529762643234968,0.05459240356765031,,,
1066,1669626,2018,-0.08989003,-0.03529762643234968,0.05459240356765031,,,
1067,1670310,2018,0.005365018,-0.009090406478113433,-0.014455424478113432,,,
1068,1672826,2018,-0.08989003,-0.07509268592183693,0.014797344078163063,,,
1069,1672826,2018,-0.08989003,-0.07509268592183693,0.014797344078163063,,,
1070,1673996,2018,-0.08989003,-0.05171484817189087,0.038175181828109125,,,
1071,1673996,2018,-0.08989003,-0.05171484817189087,0.038175181828109125,,,
1072,1679960,2018,-0.08989003,0.003503040000000013,0.09339307000000001,,,
1073,1680255,2018,-0.08989003,-0.1195889266446446,-0.029698896644644604,,,
1074,1680255,2018,-0.08989003,-0.1195889266446446,-0.029698896644644604,,,
1075,1681576,2018,-0.08989003,0.015478962820038022,0.10536899282003802,,,
1076,1683471,2018,0.005365018,-0.009624307151877898,-0.014989325151877897,,,
1077,1684381,2018,-0.08989003,-0.0064881722255281105,0.08340185777447189,,,
1078,1688680,2018,-0.08989003,-0.047913897734845445,0.04197613226515455,,,
1079,1688680,2018,-0.08989003,-0.047913897734845445,0.04197613226515455,,,
1080,1689322,2018,-0.08989003,-0.11247069210102778,-0.022580662101027785,,,
1081,1689322,2018,-0.08989003,-0.11247069210102778,-0.022580662101027785,,,
1082,1689873,2018,-0.08989003,-0.07383756893731419,0.016052461062685805,,,
1083,1691167,2018,-0.08989003,-0.002437420673415125,0.08745260932658487,,,
1084,1691167,2018,-0.08989003,-0.002437420673415125,0.08745260932658487,,,
1085,1691994,2018,-0.08989003,-0.11354222552126148,-0.02365219552126148,,,
1086,1691994,2018,-0.08989003,-0.11354222552126148,-0.02365219552126148,,,
1087,1696729,2018,-0.08989003,-0.05115326486945482,0.03873676513054518,,,
1088,1697268,2018,-0.08989003,-0.0655724260211229,0.024317603978877098,,,
1089,1697504,2018,-0.08989003,-0.08139183283441598,0.008498197165584018,,,
1090,1698609,2018,-0.08989003,-0.08496376002700157,0.004926269972998429,,,
1091,1698609,2018,-0.08989003,-0.08496376002700157,0.004926269972998429,,,
1092,1707560,2018,-0.08989003,-0.07805275877213758,0.01183727122786242,,,
1093,1707770,2018,-0.08989003,-0.002730829587496819,0.08715920041250318,,,
1094,1710607,2018,-0.08989003,-0.038793489665219005,0.05109654033478099,,,
1095,1710607,2018,-0.08989003,-0.038793489665219005,0.05109654033478099,,,
1096,1722478,2018,0.005365018,-0.0040340855411757914,-0.00939910354117579,,,
1097,1727074,2018,-0.08989003,-0.06727546602920631,0.022614563970793686,,,
1098,1571768,2013,0.02615935,0.011526096113625206,-0.014633253886374795,0.18158014118671414,0.0947299376130104,0.7236899733543396
